persistence_length,num_fibers,noise_density,fov,curvature_min,curvature_max,filename,timestamp,simulation_id,repeat_id,status
,4,0.3,1000,0.0,0.005,network_repeat_0_comb_0.pt,2024-12-09 11:44:20,0,0,completed
17000,4,0.3,1000,0.0,0.005,network_repeat_0_comb_1.pt,2024-12-09 11:44:21,1,0,completed
,4,0.3,1000,0.0,0.005,network_repeat_1_comb_0.pt,2024-12-09 11:44:21,0,1,completed
17000,4,0.3,1000,0.0,0.005,network_repeat_1_comb_1.pt,2024-12-09 11:44:21,1,1,completed
,4,0.3,1000,0.0,0.005,network_repeat_2_comb_0.pt,2024-12-09 11:44:22,0,2,completed
17000,4,0.3,1000,0.0,0.005,network_repeat_2_comb_1.pt,2024-12-09 11:44:22,1,2,completed
,4,0.3,1000,0.0,0.005,network_repeat_3_comb_0.pt,2024-12-09 11:44:23,0,3,completed
17000,4,0.3,1000,0.0,0.005,network_repeat_3_comb_1.pt,2024-12-09 11:44:23,1,3,completed
,4,0.3,1000,0.0,0.005,network_repeat_4_comb_0.pt,2024-12-09 11:44:24,0,4,completed
17000,4,0.3,1000,0.0,0.005,network_repeat_4_comb_1.pt,2024-12-09 11:44:24,1,4,completed
,4,0.3,1000,0.0,0.005,network_repeat_5_comb_0.pt,2024-12-09 11:44:25,0,5,completed
17000,4,0.3,1000,0.0,0.005,network_repeat_5_comb_1.pt,2024-12-09 11:44:25,1,5,completed
,4,0.3,1000,0.0,0.005,network_repeat_6_comb_0.pt,2024-12-09 11:44:26,0,6,completed
17000,4,0.3,1000,0.0,0.005,network_repeat_6_comb_1.pt,2024-12-09 11:44:26,1,6,completed
,4,0.3,1000,0.0,0.005,network_repeat_7_comb_0.pt,2024-12-09 11:44:27,0,7,completed
17000,4,0.3,1000,0.0,0.005,network_repeat_7_comb_1.pt,2024-12-09 11:44:27,1,7,completed
,4,0.3,1000,0.0,0.005,network_repeat_8_comb_0.pt,2024-12-09 11:44:28,0,8,completed
17000,4,0.3,1000,0.0,0.005,network_repeat_8_comb_1.pt,2024-12-09 11:44:28,1,8,completed
,4,0.3,1000,0.0,0.005,network_repeat_9_comb_0.pt,2024-12-09 11:44:29,0,9,completed
17000,4,0.3,1000,0.0,0.005,network_repeat_9_comb_1.pt,2024-12-09 11:44:29,1,9,completed
,4,0.3,1000,0.0,0.005,network_repeat_10_comb_0.pt,2024-12-09 11:44:30,0,10,completed
17000,4,0.3,1000,0.0,0.005,network_repeat_10_comb_1.pt,2024-12-09 11:44:30,1,10,completed
,4,0.3,1000,0.0,0.005,network_repeat_11_comb_0.pt,2024-12-09 11:44:31,0,11,completed
17000,4,0.3,1000,0.0,0.005,network_repeat_11_comb_1.pt,2024-12-09 11:44:32,1,11,completed
,4,0.3,1000,0.0,0.005,network_repeat_12_comb_0.pt,2024-12-09 11:44:32,0,12,completed
17000,4,0.3,1000,0.0,0.005,network_repeat_12_comb_1.pt,2024-12-09 11:44:33,1,12,completed
,4,0.3,1000,0.0,0.005,network_repeat_13_comb_0.pt,2024-12-09 11:44:33,0,13,completed
17000,4,0.3,1000,0.0,0.005,network_repeat_13_comb_1.pt,2024-12-09 11:44:34,1,13,completed
,4,0.3,1000,0.0,0.005,network_repeat_14_comb_0.pt,2024-12-09 11:44:35,0,14,completed
17000,4,0.3,1000,0.0,0.005,network_repeat_14_comb_1.pt,2024-12-09 11:44:35,1,14,completed
,4,0.3,1000,0.0,0.005,network_repeat_15_comb_0.pt,2024-12-09 11:44:36,0,15,completed
17000,4,0.3,1000,0.0,0.005,network_repeat_15_comb_1.pt,2024-12-09 11:44:37,1,15,completed
,4,0.3,1000,0.0,0.005,network_repeat_16_comb_0.pt,2024-12-09 11:44:37,0,16,completed
17000,4,0.3,1000,0.0,0.005,network_repeat_16_comb_1.pt,2024-12-09 11:44:37,1,16,completed
,4,0.3,1000,0.0,0.005,network_repeat_17_comb_0.pt,2024-12-09 11:44:38,0,17,completed
17000,4,0.3,1000,0.0,0.005,network_repeat_17_comb_1.pt,2024-12-09 11:44:38,1,17,completed
,4,0.3,1000,0.0,0.005,network_repeat_18_comb_0.pt,2024-12-09 11:44:39,0,18,completed
17000,4,0.3,1000,0.0,0.005,network_repeat_18_comb_1.pt,2024-12-09 11:44:39,1,18,completed
,4,0.3,1000,0.0,0.005,network_repeat_19_comb_0.pt,2024-12-09 11:44:39,0,19,completed
17000,4,0.3,1000,0.0,0.005,network_repeat_19_comb_1.pt,2024-12-09 11:44:40,1,19,completed
,4,0.3,1000,0.0,0.005,network_repeat_20_comb_0.pt,2024-12-09 11:44:40,0,20,completed
17000,4,0.3,1000,0.0,0.005,network_repeat_20_comb_1.pt,2024-12-09 11:44:41,1,20,completed
,4,0.3,1000,0.0,0.005,network_repeat_21_comb_0.pt,2024-12-09 11:44:41,0,21,completed
17000,4,0.3,1000,0.0,0.005,network_repeat_21_comb_1.pt,2024-12-09 11:44:42,1,21,completed
,4,0.3,1000,0.0,0.005,network_repeat_22_comb_0.pt,2024-12-09 11:44:43,0,22,completed
17000,4,0.3,1000,0.0,0.005,network_repeat_22_comb_1.pt,2024-12-09 11:44:43,1,22,completed
,4,0.3,1000,0.0,0.005,network_repeat_23_comb_0.pt,2024-12-09 11:44:44,0,23,completed
17000,4,0.3,1000,0.0,0.005,network_repeat_23_comb_1.pt,2024-12-09 11:44:44,1,23,completed
,4,0.3,1000,0.0,0.005,network_repeat_24_comb_0.pt,2024-12-09 11:44:45,0,24,completed
17000,4,0.3,1000,0.0,0.005,network_repeat_24_comb_1.pt,2024-12-09 11:44:45,1,24,completed
,4,0.3,1000,0.0,0.005,network_repeat_25_comb_0.pt,2024-12-09 11:44:46,0,25,completed
17000,4,0.3,1000,0.0,0.005,network_repeat_25_comb_1.pt,2024-12-09 11:44:46,1,25,completed
,4,0.3,1000,0.0,0.005,network_repeat_26_comb_0.pt,2024-12-09 11:44:46,0,26,completed
17000,4,0.3,1000,0.0,0.005,network_repeat_26_comb_1.pt,2024-12-09 11:44:47,1,26,completed
,4,0.3,1000,0.0,0.005,network_repeat_27_comb_0.pt,2024-12-09 11:44:47,0,27,completed
17000,4,0.3,1000,0.0,0.005,network_repeat_27_comb_1.pt,2024-12-09 11:44:48,1,27,completed
,4,0.3,1000,0.0,0.005,network_repeat_28_comb_0.pt,2024-12-09 11:44:48,0,28,completed
17000,4,0.3,1000,0.0,0.005,network_repeat_28_comb_1.pt,2024-12-09 11:44:49,1,28,completed
,4,0.3,1000,0.0,0.005,network_repeat_29_comb_0.pt,2024-12-09 11:44:49,0,29,completed
17000,4,0.3,1000,0.0,0.005,network_repeat_29_comb_1.pt,2024-12-09 11:44:49,1,29,completed
,4,0.3,1000,0.0,0.005,network_repeat_30_comb_0.pt,2024-12-09 11:44:50,0,30,completed
17000,4,0.3,1000,0.0,0.005,network_repeat_30_comb_1.pt,2024-12-09 11:44:51,1,30,completed
,4,0.3,1000,0.0,0.005,network_repeat_31_comb_0.pt,2024-12-09 11:44:51,0,31,completed
17000,4,0.3,1000,0.0,0.005,network_repeat_31_comb_1.pt,2024-12-09 11:44:51,1,31,completed
,4,0.3,1000,0.0,0.005,network_repeat_32_comb_0.pt,2024-12-09 11:44:52,0,32,completed
17000,4,0.3,1000,0.0,0.005,network_repeat_32_comb_1.pt,2024-12-09 11:44:52,1,32,completed
,4,0.3,1000,0.0,0.005,network_repeat_33_comb_0.pt,2024-12-09 11:44:53,0,33,completed
17000,4,0.3,1000,0.0,0.005,network_repeat_33_comb_1.pt,2024-12-09 11:44:53,1,33,completed
,4,0.3,1000,0.0,0.005,network_repeat_34_comb_0.pt,2024-12-09 11:44:54,0,34,completed
17000,4,0.3,1000,0.0,0.005,network_repeat_34_comb_1.pt,2024-12-09 11:44:54,1,34,completed
,4,0.3,1000,0.0,0.005,network_repeat_35_comb_0.pt,2024-12-09 11:44:54,0,35,completed
17000,4,0.3,1000,0.0,0.005,network_repeat_35_comb_1.pt,2024-12-09 11:44:55,1,35,completed
,4,0.3,1000,0.0,0.005,network_repeat_36_comb_0.pt,2024-12-09 11:44:55,0,36,completed
17000,4,0.3,1000,0.0,0.005,network_repeat_36_comb_1.pt,2024-12-09 11:44:56,1,36,completed
,4,0.3,1000,0.0,0.005,network_repeat_37_comb_0.pt,2024-12-09 11:44:56,0,37,completed
17000,4,0.3,1000,0.0,0.005,network_repeat_37_comb_1.pt,2024-12-09 11:44:57,1,37,completed
,4,0.3,1000,0.0,0.005,network_repeat_38_comb_0.pt,2024-12-09 11:44:57,0,38,completed
17000,4,0.3,1000,0.0,0.005,network_repeat_38_comb_1.pt,2024-12-09 11:44:58,1,38,completed
,4,0.3,1000,0.0,0.005,network_repeat_39_comb_0.pt,2024-12-09 11:44:58,0,39,completed
17000,4,0.3,1000,0.0,0.005,network_repeat_39_comb_1.pt,2024-12-09 11:44:59,1,39,completed
,4,0.3,1000,0.0,0.005,network_repeat_40_comb_0.pt,2024-12-09 11:44:59,0,40,completed
17000,4,0.3,1000,0.0,0.005,network_repeat_40_comb_1.pt,2024-12-09 11:45:00,1,40,completed
,4,0.3,1000,0.0,0.005,network_repeat_41_comb_0.pt,2024-12-09 11:45:02,0,41,completed
17000,4,0.3,1000,0.0,0.005,network_repeat_41_comb_1.pt,2024-12-09 11:45:02,1,41,completed
,4,0.3,1000,0.0,0.005,network_repeat_42_comb_0.pt,2024-12-09 11:45:03,0,42,completed
17000,4,0.3,1000,0.0,0.005,network_repeat_42_comb_1.pt,2024-12-09 11:45:03,1,42,completed
,4,0.3,1000,0.0,0.005,network_repeat_43_comb_0.pt,2024-12-09 11:45:04,0,43,completed
17000,4,0.3,1000,0.0,0.005,network_repeat_43_comb_1.pt,2024-12-09 11:45:05,1,43,completed
,4,0.3,1000,0.0,0.005,network_repeat_44_comb_0.pt,2024-12-09 11:45:05,0,44,completed
17000,4,0.3,1000,0.0,0.005,network_repeat_44_comb_1.pt,2024-12-09 11:45:05,1,44,completed
,4,0.3,1000,0.0,0.005,network_repeat_45_comb_0.pt,2024-12-09 11:45:06,0,45,completed
17000,4,0.3,1000,0.0,0.005,network_repeat_45_comb_1.pt,2024-12-09 11:45:06,1,45,completed
,4,0.3,1000,0.0,0.005,network_repeat_46_comb_0.pt,2024-12-09 11:45:07,0,46,completed
17000,4,0.3,1000,0.0,0.005,network_repeat_46_comb_1.pt,2024-12-09 11:45:07,1,46,completed
,4,0.3,1000,0.0,0.005,network_repeat_47_comb_0.pt,2024-12-09 11:45:07,0,47,completed
17000,4,0.3,1000,0.0,0.005,network_repeat_47_comb_1.pt,2024-12-09 11:45:08,1,47,completed
,4,0.3,1000,0.0,0.005,network_repeat_48_comb_0.pt,2024-12-09 11:45:08,0,48,completed
17000,4,0.3,1000,0.0,0.005,network_repeat_48_comb_1.pt,2024-12-09 11:45:08,1,48,completed
,4,0.3,1000,0.0,0.005,network_repeat_49_comb_0.pt,2024-12-09 11:45:09,0,49,completed
17000,4,0.3,1000,0.0,0.005,network_repeat_49_comb_1.pt,2024-12-09 11:45:09,1,49,completed
,4,0.3,1000,0.0,0.005,network_repeat_50_comb_0.pt,2024-12-09 11:45:10,0,50,completed
17000,4,0.3,1000,0.0,0.005,network_repeat_50_comb_1.pt,2024-12-09 11:45:10,1,50,completed
,4,0.3,1000,0.0,0.005,network_repeat_51_comb_0.pt,2024-12-09 11:45:11,0,51,completed
17000,4,0.3,1000,0.0,0.005,network_repeat_51_comb_1.pt,2024-12-09 11:45:11,1,51,completed
,4,0.3,1000,0.0,0.005,network_repeat_52_comb_0.pt,2024-12-09 11:45:12,0,52,completed
17000,4,0.3,1000,0.0,0.005,network_repeat_52_comb_1.pt,2024-12-09 11:45:12,1,52,completed
,4,0.3,1000,0.0,0.005,network_repeat_53_comb_0.pt,2024-12-09 11:45:13,0,53,completed
17000,4,0.3,1000,0.0,0.005,network_repeat_53_comb_1.pt,2024-12-09 11:45:13,1,53,completed
,4,0.3,1000,0.0,0.005,network_repeat_54_comb_0.pt,2024-12-09 11:45:14,0,54,completed
17000,4,0.3,1000,0.0,0.005,network_repeat_54_comb_1.pt,2024-12-09 11:45:14,1,54,completed
,4,0.3,1000,0.0,0.005,network_repeat_55_comb_0.pt,2024-12-09 11:45:15,0,55,completed
17000,4,0.3,1000,0.0,0.005,network_repeat_55_comb_1.pt,2024-12-09 11:45:15,1,55,completed
,4,0.3,1000,0.0,0.005,network_repeat_56_comb_0.pt,2024-12-09 11:45:15,0,56,completed
17000,4,0.3,1000,0.0,0.005,network_repeat_56_comb_1.pt,2024-12-09 11:45:16,1,56,completed
,4,0.3,1000,0.0,0.005,network_repeat_57_comb_0.pt,2024-12-09 11:45:16,0,57,completed
17000,4,0.3,1000,0.0,0.005,network_repeat_57_comb_1.pt,2024-12-09 11:45:17,1,57,completed
,4,0.3,1000,0.0,0.005,network_repeat_58_comb_0.pt,2024-12-09 11:45:17,0,58,completed
17000,4,0.3,1000,0.0,0.005,network_repeat_58_comb_1.pt,2024-12-09 11:45:18,1,58,completed
,4,0.3,1000,0.0,0.005,network_repeat_59_comb_0.pt,2024-12-09 11:45:18,0,59,completed
17000,4,0.3,1000,0.0,0.005,network_repeat_59_comb_1.pt,2024-12-09 11:45:19,1,59,completed
,4,0.3,1000,0.0,0.005,network_repeat_60_comb_0.pt,2024-12-09 11:45:19,0,60,completed
17000,4,0.3,1000,0.0,0.005,network_repeat_60_comb_1.pt,2024-12-09 11:45:20,1,60,completed
,4,0.3,1000,0.0,0.005,network_repeat_61_comb_0.pt,2024-12-09 11:45:20,0,61,completed
17000,4,0.3,1000,0.0,0.005,network_repeat_61_comb_1.pt,2024-12-09 11:45:20,1,61,completed
,4,0.3,1000,0.0,0.005,network_repeat_62_comb_0.pt,2024-12-09 11:45:21,0,62,completed
17000,4,0.3,1000,0.0,0.005,network_repeat_62_comb_1.pt,2024-12-09 11:45:21,1,62,completed
,4,0.3,1000,0.0,0.005,network_repeat_63_comb_0.pt,2024-12-09 11:45:22,0,63,completed
17000,4,0.3,1000,0.0,0.005,network_repeat_63_comb_1.pt,2024-12-09 11:45:23,1,63,completed
,4,0.3,1000,0.0,0.005,network_repeat_64_comb_0.pt,2024-12-09 11:45:23,0,64,completed
17000,4,0.3,1000,0.0,0.005,network_repeat_64_comb_1.pt,2024-12-09 11:45:23,1,64,completed
,4,0.3,1000,0.0,0.005,network_repeat_65_comb_0.pt,2024-12-09 11:45:23,0,65,completed
17000,4,0.3,1000,0.0,0.005,network_repeat_65_comb_1.pt,2024-12-09 11:45:24,1,65,completed
,4,0.3,1000,0.0,0.005,network_repeat_66_comb_0.pt,2024-12-09 11:45:25,0,66,completed
17000,4,0.3,1000,0.0,0.005,network_repeat_66_comb_1.pt,2024-12-09 11:45:25,1,66,completed
,4,0.3,1000,0.0,0.005,network_repeat_67_comb_0.pt,2024-12-09 11:45:25,0,67,completed
17000,4,0.3,1000,0.0,0.005,network_repeat_67_comb_1.pt,2024-12-09 11:45:26,1,67,completed
,4,0.3,1000,0.0,0.005,network_repeat_68_comb_0.pt,2024-12-09 11:45:27,0,68,completed
17000,4,0.3,1000,0.0,0.005,network_repeat_68_comb_1.pt,2024-12-09 11:45:27,1,68,completed
,4,0.3,1000,0.0,0.005,network_repeat_69_comb_0.pt,2024-12-09 11:45:28,0,69,completed
17000,4,0.3,1000,0.0,0.005,network_repeat_69_comb_1.pt,2024-12-09 11:45:28,1,69,completed
,4,0.3,1000,0.0,0.005,network_repeat_70_comb_0.pt,2024-12-09 11:45:29,0,70,completed
17000,4,0.3,1000,0.0,0.005,network_repeat_70_comb_1.pt,2024-12-09 11:45:29,1,70,completed
,4,0.3,1000,0.0,0.005,network_repeat_71_comb_0.pt,2024-12-09 11:45:30,0,71,completed
17000,4,0.3,1000,0.0,0.005,network_repeat_71_comb_1.pt,2024-12-09 11:45:30,1,71,completed
,4,0.3,1000,0.0,0.005,network_repeat_72_comb_0.pt,2024-12-09 11:45:30,0,72,completed
17000,4,0.3,1000,0.0,0.005,network_repeat_72_comb_1.pt,2024-12-09 11:45:31,1,72,completed
,4,0.3,1000,0.0,0.005,network_repeat_73_comb_0.pt,2024-12-09 11:45:31,0,73,completed
17000,4,0.3,1000,0.0,0.005,network_repeat_73_comb_1.pt,2024-12-09 11:45:32,1,73,completed
,4,0.3,1000,0.0,0.005,network_repeat_74_comb_0.pt,2024-12-09 11:45:32,0,74,completed
17000,4,0.3,1000,0.0,0.005,network_repeat_74_comb_1.pt,2024-12-09 11:45:32,1,74,completed
,4,0.3,1000,0.0,0.005,network_repeat_75_comb_0.pt,2024-12-09 11:45:33,0,75,completed
17000,4,0.3,1000,0.0,0.005,network_repeat_75_comb_1.pt,2024-12-09 11:45:34,1,75,completed
,4,0.3,1000,0.0,0.005,network_repeat_76_comb_0.pt,2024-12-09 11:45:34,0,76,completed
17000,4,0.3,1000,0.0,0.005,network_repeat_76_comb_1.pt,2024-12-09 11:45:35,1,76,completed
,4,0.3,1000,0.0,0.005,network_repeat_77_comb_0.pt,2024-12-09 11:45:35,0,77,completed
17000,4,0.3,1000,0.0,0.005,network_repeat_77_comb_1.pt,2024-12-09 11:45:35,1,77,completed
,4,0.3,1000,0.0,0.005,network_repeat_78_comb_0.pt,2024-12-09 11:45:36,0,78,completed
17000,4,0.3,1000,0.0,0.005,network_repeat_78_comb_1.pt,2024-12-09 11:45:36,1,78,completed
,4,0.3,1000,0.0,0.005,network_repeat_79_comb_0.pt,2024-12-09 11:45:37,0,79,completed
17000,4,0.3,1000,0.0,0.005,network_repeat_79_comb_1.pt,2024-12-09 11:45:37,1,79,completed
,4,0.3,1000,0.0,0.005,network_repeat_80_comb_0.pt,2024-12-09 11:45:37,0,80,completed
17000,4,0.3,1000,0.0,0.005,network_repeat_80_comb_1.pt,2024-12-09 11:45:38,1,80,completed
,4,0.3,1000,0.0,0.005,network_repeat_81_comb_0.pt,2024-12-09 11:45:39,0,81,completed
17000,4,0.3,1000,0.0,0.005,network_repeat_81_comb_1.pt,2024-12-09 11:45:39,1,81,completed
,4,0.3,1000,0.0,0.005,network_repeat_82_comb_0.pt,2024-12-09 11:45:40,0,82,completed
17000,4,0.3,1000,0.0,0.005,network_repeat_82_comb_1.pt,2024-12-09 11:45:40,1,82,completed
,4,0.3,1000,0.0,0.005,network_repeat_83_comb_0.pt,2024-12-09 11:45:40,0,83,completed
17000,4,0.3,1000,0.0,0.005,network_repeat_83_comb_1.pt,2024-12-09 11:45:41,1,83,completed
,4,0.3,1000,0.0,0.005,network_repeat_84_comb_0.pt,2024-12-09 11:45:41,0,84,completed
17000,4,0.3,1000,0.0,0.005,network_repeat_84_comb_1.pt,2024-12-09 11:45:42,1,84,completed
,4,0.3,1000,0.0,0.005,network_repeat_85_comb_0.pt,2024-12-09 11:45:42,0,85,completed
17000,4,0.3,1000,0.0,0.005,network_repeat_85_comb_1.pt,2024-12-09 11:45:43,1,85,completed
,4,0.3,1000,0.0,0.005,network_repeat_86_comb_0.pt,2024-12-09 11:45:43,0,86,completed
17000,4,0.3,1000,0.0,0.005,network_repeat_86_comb_1.pt,2024-12-09 11:45:43,1,86,completed
,4,0.3,1000,0.0,0.005,network_repeat_87_comb_0.pt,2024-12-09 11:45:44,0,87,completed
17000,4,0.3,1000,0.0,0.005,network_repeat_87_comb_1.pt,2024-12-09 11:45:44,1,87,completed
,4,0.3,1000,0.0,0.005,network_repeat_88_comb_0.pt,2024-12-09 11:45:45,0,88,completed
17000,4,0.3,1000,0.0,0.005,network_repeat_88_comb_1.pt,2024-12-09 11:45:45,1,88,completed
,4,0.3,1000,0.0,0.005,network_repeat_89_comb_0.pt,2024-12-09 11:45:45,0,89,completed
17000,4,0.3,1000,0.0,0.005,network_repeat_89_comb_1.pt,2024-12-09 11:45:46,1,89,completed
,4,0.3,1000,0.0,0.005,network_repeat_90_comb_0.pt,2024-12-09 11:45:46,0,90,completed
17000,4,0.3,1000,0.0,0.005,network_repeat_90_comb_1.pt,2024-12-09 11:45:47,1,90,completed
,4,0.3,1000,0.0,0.005,network_repeat_91_comb_0.pt,2024-12-09 11:45:47,0,91,completed
17000,4,0.3,1000,0.0,0.005,network_repeat_91_comb_1.pt,2024-12-09 11:45:48,1,91,completed
,4,0.3,1000,0.0,0.005,network_repeat_92_comb_0.pt,2024-12-09 11:45:48,0,92,completed
17000,4,0.3,1000,0.0,0.005,network_repeat_92_comb_1.pt,2024-12-09 11:45:49,1,92,completed
,4,0.3,1000,0.0,0.005,network_repeat_93_comb_0.pt,2024-12-09 11:45:49,0,93,completed
17000,4,0.3,1000,0.0,0.005,network_repeat_93_comb_1.pt,2024-12-09 11:45:50,1,93,completed
,4,0.3,1000,0.0,0.005,network_repeat_94_comb_0.pt,2024-12-09 11:45:50,0,94,completed
17000,4,0.3,1000,0.0,0.005,network_repeat_94_comb_1.pt,2024-12-09 11:45:51,1,94,completed
,4,0.3,1000,0.0,0.005,network_repeat_95_comb_0.pt,2024-12-09 11:45:51,0,95,completed
17000,4,0.3,1000,0.0,0.005,network_repeat_95_comb_1.pt,2024-12-09 11:45:52,1,95,completed
,4,0.3,1000,0.0,0.005,network_repeat_96_comb_0.pt,2024-12-09 11:45:52,0,96,completed
17000,4,0.3,1000,0.0,0.005,network_repeat_96_comb_1.pt,2024-12-09 11:45:53,1,96,completed
,4,0.3,1000,0.0,0.005,network_repeat_97_comb_0.pt,2024-12-09 11:45:53,0,97,completed
17000,4,0.3,1000,0.0,0.005,network_repeat_97_comb_1.pt,2024-12-09 11:45:54,1,97,completed
,4,0.3,1000,0.0,0.005,network_repeat_98_comb_0.pt,2024-12-09 11:45:54,0,98,completed
17000,4,0.3,1000,0.0,0.005,network_repeat_98_comb_1.pt,2024-12-09 11:45:55,1,98,completed
,4,0.3,1000,0.0,0.005,network_repeat_99_comb_0.pt,2024-12-09 11:45:55,0,99,completed
17000,4,0.3,1000,0.0,0.005,network_repeat_99_comb_1.pt,2024-12-09 11:45:56,1,99,completed
,4,0.3,1000,0.0,0.005,network_repeat_100_comb_0.pt,2024-12-09 11:45:56,0,100,completed
17000,4,0.3,1000,0.0,0.005,network_repeat_100_comb_1.pt,2024-12-09 11:45:56,1,100,completed
,4,0.3,1000,0.0,0.005,network_repeat_101_comb_0.pt,2024-12-09 11:45:57,0,101,completed
17000,4,0.3,1000,0.0,0.005,network_repeat_101_comb_1.pt,2024-12-09 11:45:57,1,101,completed
,4,0.3,1000,0.0,0.005,network_repeat_102_comb_0.pt,2024-12-09 11:45:58,0,102,completed
17000,4,0.3,1000,0.0,0.005,network_repeat_102_comb_1.pt,2024-12-09 11:45:58,1,102,completed
,4,0.3,1000,0.0,0.005,network_repeat_103_comb_0.pt,2024-12-09 11:45:59,0,103,completed
17000,4,0.3,1000,0.0,0.005,network_repeat_103_comb_1.pt,2024-12-09 11:45:59,1,103,completed
,4,0.3,1000,0.0,0.005,network_repeat_104_comb_0.pt,2024-12-09 11:45:59,0,104,completed
17000,4,0.3,1000,0.0,0.005,network_repeat_104_comb_1.pt,2024-12-09 11:46:00,1,104,completed
,4,0.3,1000,0.0,0.005,network_repeat_105_comb_0.pt,2024-12-09 11:46:01,0,105,completed
17000,4,0.3,1000,0.0,0.005,network_repeat_105_comb_1.pt,2024-12-09 11:46:01,1,105,completed
,4,0.3,1000,0.0,0.005,network_repeat_106_comb_0.pt,2024-12-09 11:46:01,0,106,completed
17000,4,0.3,1000,0.0,0.005,network_repeat_106_comb_1.pt,2024-12-09 11:46:02,1,106,completed
,4,0.3,1000,0.0,0.005,network_repeat_107_comb_0.pt,2024-12-09 11:46:02,0,107,completed
17000,4,0.3,1000,0.0,0.005,network_repeat_107_comb_1.pt,2024-12-09 11:46:03,1,107,completed
,4,0.3,1000,0.0,0.005,network_repeat_108_comb_0.pt,2024-12-09 11:46:03,0,108,completed
17000,4,0.3,1000,0.0,0.005,network_repeat_108_comb_1.pt,2024-12-09 11:46:03,1,108,completed
,4,0.3,1000,0.0,0.005,network_repeat_109_comb_0.pt,2024-12-09 11:46:04,0,109,completed
17000,4,0.3,1000,0.0,0.005,network_repeat_109_comb_1.pt,2024-12-09 11:46:04,1,109,completed
,4,0.3,1000,0.0,0.005,network_repeat_110_comb_0.pt,2024-12-09 11:46:05,0,110,completed
17000,4,0.3,1000,0.0,0.005,network_repeat_110_comb_1.pt,2024-12-09 11:46:05,1,110,completed
,4,0.3,1000,0.0,0.005,network_repeat_111_comb_0.pt,2024-12-09 11:46:06,0,111,completed
17000,4,0.3,1000,0.0,0.005,network_repeat_111_comb_1.pt,2024-12-09 11:46:06,1,111,completed
,4,0.3,1000,0.0,0.005,network_repeat_112_comb_0.pt,2024-12-09 11:46:07,0,112,completed
17000,4,0.3,1000,0.0,0.005,network_repeat_112_comb_1.pt,2024-12-09 11:46:07,1,112,completed
,4,0.3,1000,0.0,0.005,network_repeat_113_comb_0.pt,2024-12-09 11:46:08,0,113,completed
17000,4,0.3,1000,0.0,0.005,network_repeat_113_comb_1.pt,2024-12-09 11:46:08,1,113,completed
,4,0.3,1000,0.0,0.005,network_repeat_114_comb_0.pt,2024-12-09 11:46:09,0,114,completed
17000,4,0.3,1000,0.0,0.005,network_repeat_114_comb_1.pt,2024-12-09 11:46:09,1,114,completed
,4,0.3,1000,0.0,0.005,network_repeat_115_comb_0.pt,2024-12-09 11:46:09,0,115,completed
17000,4,0.3,1000,0.0,0.005,network_repeat_115_comb_1.pt,2024-12-09 11:46:10,1,115,completed
,4,0.3,1000,0.0,0.005,network_repeat_116_comb_0.pt,2024-12-09 11:46:10,0,116,completed
17000,4,0.3,1000,0.0,0.005,network_repeat_116_comb_1.pt,2024-12-09 11:46:11,1,116,completed
,4,0.3,1000,0.0,0.005,network_repeat_117_comb_0.pt,2024-12-09 11:46:11,0,117,completed
17000,4,0.3,1000,0.0,0.005,network_repeat_117_comb_1.pt,2024-12-09 11:46:12,1,117,completed
,4,0.3,1000,0.0,0.005,network_repeat_118_comb_0.pt,2024-12-09 11:46:12,0,118,completed
17000,4,0.3,1000,0.0,0.005,network_repeat_118_comb_1.pt,2024-12-09 11:46:12,1,118,completed
,4,0.3,1000,0.0,0.005,network_repeat_119_comb_0.pt,2024-12-09 11:46:13,0,119,completed
17000,4,0.3,1000,0.0,0.005,network_repeat_119_comb_1.pt,2024-12-09 11:46:13,1,119,completed
,4,0.3,1000,0.0,0.005,network_repeat_120_comb_0.pt,2024-12-09 11:46:13,0,120,completed
17000,4,0.3,1000,0.0,0.005,network_repeat_120_comb_1.pt,2024-12-09 11:46:14,1,120,completed
,4,0.3,1000,0.0,0.005,network_repeat_121_comb_0.pt,2024-12-09 11:46:14,0,121,completed
17000,4,0.3,1000,0.0,0.005,network_repeat_121_comb_1.pt,2024-12-09 11:46:14,1,121,completed
,4,0.3,1000,0.0,0.005,network_repeat_122_comb_0.pt,2024-12-09 11:46:15,0,122,completed
17000,4,0.3,1000,0.0,0.005,network_repeat_122_comb_1.pt,2024-12-09 11:46:15,1,122,completed
,4,0.3,1000,0.0,0.005,network_repeat_123_comb_0.pt,2024-12-09 11:46:16,0,123,completed
17000,4,0.3,1000,0.0,0.005,network_repeat_123_comb_1.pt,2024-12-09 11:46:16,1,123,completed
,4,0.3,1000,0.0,0.005,network_repeat_124_comb_0.pt,2024-12-09 11:46:17,0,124,completed
17000,4,0.3,1000,0.0,0.005,network_repeat_124_comb_1.pt,2024-12-09 11:46:18,1,124,completed
,4,0.3,1000,0.0,0.005,network_repeat_125_comb_0.pt,2024-12-09 11:46:18,0,125,completed
17000,4,0.3,1000,0.0,0.005,network_repeat_125_comb_1.pt,2024-12-09 11:46:19,1,125,completed
,4,0.3,1000,0.0,0.005,network_repeat_126_comb_0.pt,2024-12-09 11:46:19,0,126,completed
17000,4,0.3,1000,0.0,0.005,network_repeat_126_comb_1.pt,2024-12-09 11:46:20,1,126,completed
,4,0.3,1000,0.0,0.005,network_repeat_127_comb_0.pt,2024-12-09 11:46:20,0,127,completed
17000,4,0.3,1000,0.0,0.005,network_repeat_127_comb_1.pt,2024-12-09 11:46:20,1,127,completed
,4,0.3,1000,0.0,0.005,network_repeat_128_comb_0.pt,2024-12-09 11:46:20,0,128,completed
17000,4,0.3,1000,0.0,0.005,network_repeat_128_comb_1.pt,2024-12-09 11:46:21,1,128,completed
,4,0.3,1000,0.0,0.005,network_repeat_129_comb_0.pt,2024-12-09 11:46:22,0,129,completed
17000,4,0.3,1000,0.0,0.005,network_repeat_129_comb_1.pt,2024-12-09 11:46:22,1,129,completed
,4,0.3,1000,0.0,0.005,network_repeat_130_comb_0.pt,2024-12-09 11:46:22,0,130,completed
17000,4,0.3,1000,0.0,0.005,network_repeat_130_comb_1.pt,2024-12-09 11:46:23,1,130,completed
,4,0.3,1000,0.0,0.005,network_repeat_131_comb_0.pt,2024-12-09 11:46:23,0,131,completed
17000,4,0.3,1000,0.0,0.005,network_repeat_131_comb_1.pt,2024-12-09 11:46:24,1,131,completed
,4,0.3,1000,0.0,0.005,network_repeat_132_comb_0.pt,2024-12-09 11:46:24,0,132,completed
17000,4,0.3,1000,0.0,0.005,network_repeat_132_comb_1.pt,2024-12-09 11:46:24,1,132,completed
,4,0.3,1000,0.0,0.005,network_repeat_133_comb_0.pt,2024-12-09 11:46:25,0,133,completed
17000,4,0.3,1000,0.0,0.005,network_repeat_133_comb_1.pt,2024-12-09 11:46:25,1,133,completed
,4,0.3,1000,0.0,0.005,network_repeat_134_comb_0.pt,2024-12-09 11:46:26,0,134,completed
17000,4,0.3,1000,0.0,0.005,network_repeat_134_comb_1.pt,2024-12-09 11:46:26,1,134,completed
,4,0.3,1000,0.0,0.005,network_repeat_135_comb_0.pt,2024-12-09 11:46:27,0,135,completed
17000,4,0.3,1000,0.0,0.005,network_repeat_135_comb_1.pt,2024-12-09 11:46:27,1,135,completed
,4,0.3,1000,0.0,0.005,network_repeat_136_comb_0.pt,2024-12-09 11:46:28,0,136,completed
17000,4,0.3,1000,0.0,0.005,network_repeat_136_comb_1.pt,2024-12-09 11:46:29,1,136,completed
,4,0.3,1000,0.0,0.005,network_repeat_137_comb_0.pt,2024-12-09 11:46:29,0,137,completed
17000,4,0.3,1000,0.0,0.005,network_repeat_137_comb_1.pt,2024-12-09 11:46:29,1,137,completed
,4,0.3,1000,0.0,0.005,network_repeat_138_comb_0.pt,2024-12-09 11:46:30,0,138,completed
17000,4,0.3,1000,0.0,0.005,network_repeat_138_comb_1.pt,2024-12-09 11:46:30,1,138,completed
,4,0.3,1000,0.0,0.005,network_repeat_139_comb_0.pt,2024-12-09 11:46:31,0,139,completed
17000,4,0.3,1000,0.0,0.005,network_repeat_139_comb_1.pt,2024-12-09 11:46:31,1,139,completed
,4,0.3,1000,0.0,0.005,network_repeat_140_comb_0.pt,2024-12-09 11:46:32,0,140,completed
17000,4,0.3,1000,0.0,0.005,network_repeat_140_comb_1.pt,2024-12-09 11:46:32,1,140,completed
,4,0.3,1000,0.0,0.005,network_repeat_141_comb_0.pt,2024-12-09 11:46:33,0,141,completed
17000,4,0.3,1000,0.0,0.005,network_repeat_141_comb_1.pt,2024-12-09 11:46:33,1,141,completed
,4,0.3,1000,0.0,0.005,network_repeat_142_comb_0.pt,2024-12-09 11:46:34,0,142,completed
17000,4,0.3,1000,0.0,0.005,network_repeat_142_comb_1.pt,2024-12-09 11:46:34,1,142,completed
,4,0.3,1000,0.0,0.005,network_repeat_143_comb_0.pt,2024-12-09 11:46:34,0,143,completed
17000,4,0.3,1000,0.0,0.005,network_repeat_143_comb_1.pt,2024-12-09 11:46:35,1,143,completed
,4,0.3,1000,0.0,0.005,network_repeat_144_comb_0.pt,2024-12-09 11:46:35,0,144,completed
17000,4,0.3,1000,0.0,0.005,network_repeat_144_comb_1.pt,2024-12-09 11:46:35,1,144,completed
,4,0.3,1000,0.0,0.005,network_repeat_145_comb_0.pt,2024-12-09 11:46:36,0,145,completed
17000,4,0.3,1000,0.0,0.005,network_repeat_145_comb_1.pt,2024-12-09 11:46:36,1,145,completed
,4,0.3,1000,0.0,0.005,network_repeat_146_comb_0.pt,2024-12-09 11:46:37,0,146,completed
17000,4,0.3,1000,0.0,0.005,network_repeat_146_comb_1.pt,2024-12-09 11:46:37,1,146,completed
,4,0.3,1000,0.0,0.005,network_repeat_147_comb_0.pt,2024-12-09 11:46:38,0,147,completed
17000,4,0.3,1000,0.0,0.005,network_repeat_147_comb_1.pt,2024-12-09 11:46:38,1,147,completed
,4,0.3,1000,0.0,0.005,network_repeat_148_comb_0.pt,2024-12-09 11:46:38,0,148,completed
17000,4,0.3,1000,0.0,0.005,network_repeat_148_comb_1.pt,2024-12-09 11:46:39,1,148,completed
,4,0.3,1000,0.0,0.005,network_repeat_149_comb_0.pt,2024-12-09 11:46:39,0,149,completed
17000,4,0.3,1000,0.0,0.005,network_repeat_149_comb_1.pt,2024-12-09 11:46:40,1,149,completed
,4,0.3,1000,0.0,0.005,network_repeat_150_comb_0.pt,2024-12-09 11:46:40,0,150,completed
17000,4,0.3,1000,0.0,0.005,network_repeat_150_comb_1.pt,2024-12-09 11:46:41,1,150,completed
,4,0.3,1000,0.0,0.005,network_repeat_151_comb_0.pt,2024-12-09 11:46:41,0,151,completed
17000,4,0.3,1000,0.0,0.005,network_repeat_151_comb_1.pt,2024-12-09 11:46:41,1,151,completed
,4,0.3,1000,0.0,0.005,network_repeat_152_comb_0.pt,2024-12-09 11:46:42,0,152,completed
17000,4,0.3,1000,0.0,0.005,network_repeat_152_comb_1.pt,2024-12-09 11:46:42,1,152,completed
,4,0.3,1000,0.0,0.005,network_repeat_153_comb_0.pt,2024-12-09 11:46:42,0,153,completed
17000,4,0.3,1000,0.0,0.005,network_repeat_153_comb_1.pt,2024-12-09 11:46:43,1,153,completed
,4,0.3,1000,0.0,0.005,network_repeat_154_comb_0.pt,2024-12-09 11:46:43,0,154,completed
17000,4,0.3,1000,0.0,0.005,network_repeat_154_comb_1.pt,2024-12-09 11:46:44,1,154,completed
,4,0.3,1000,0.0,0.005,network_repeat_155_comb_0.pt,2024-12-09 11:46:44,0,155,completed
17000,4,0.3,1000,0.0,0.005,network_repeat_155_comb_1.pt,2024-12-09 11:46:45,1,155,completed
,4,0.3,1000,0.0,0.005,network_repeat_156_comb_0.pt,2024-12-09 11:46:45,0,156,completed
17000,4,0.3,1000,0.0,0.005,network_repeat_156_comb_1.pt,2024-12-09 11:46:45,1,156,completed
,4,0.3,1000,0.0,0.005,network_repeat_157_comb_0.pt,2024-12-09 11:46:46,0,157,completed
17000,4,0.3,1000,0.0,0.005,network_repeat_157_comb_1.pt,2024-12-09 11:46:46,1,157,completed
,4,0.3,1000,0.0,0.005,network_repeat_158_comb_0.pt,2024-12-09 11:46:47,0,158,completed
17000,4,0.3,1000,0.0,0.005,network_repeat_158_comb_1.pt,2024-12-09 11:46:47,1,158,completed
,4,0.3,1000,0.0,0.005,network_repeat_159_comb_0.pt,2024-12-09 11:46:48,0,159,completed
17000,4,0.3,1000,0.0,0.005,network_repeat_159_comb_1.pt,2024-12-09 11:46:48,1,159,completed
,4,0.3,1000,0.0,0.005,network_repeat_160_comb_0.pt,2024-12-09 11:46:49,0,160,completed
17000,4,0.3,1000,0.0,0.005,network_repeat_160_comb_1.pt,2024-12-09 11:46:49,1,160,completed
,4,0.3,1000,0.0,0.005,network_repeat_161_comb_0.pt,2024-12-09 11:46:50,0,161,completed
17000,4,0.3,1000,0.0,0.005,network_repeat_161_comb_1.pt,2024-12-09 11:46:50,1,161,completed
,4,0.3,1000,0.0,0.005,network_repeat_162_comb_0.pt,2024-12-09 11:46:50,0,162,completed
17000,4,0.3,1000,0.0,0.005,network_repeat_162_comb_1.pt,2024-12-09 11:46:51,1,162,completed
,4,0.3,1000,0.0,0.005,network_repeat_163_comb_0.pt,2024-12-09 11:46:51,0,163,completed
17000,4,0.3,1000,0.0,0.005,network_repeat_163_comb_1.pt,2024-12-09 11:46:52,1,163,completed
,4,0.3,1000,0.0,0.005,network_repeat_164_comb_0.pt,2024-12-09 11:46:52,0,164,completed
17000,4,0.3,1000,0.0,0.005,network_repeat_164_comb_1.pt,2024-12-09 11:46:53,1,164,completed
,4,0.3,1000,0.0,0.005,network_repeat_165_comb_0.pt,2024-12-09 11:46:54,0,165,completed
17000,4,0.3,1000,0.0,0.005,network_repeat_165_comb_1.pt,2024-12-09 11:46:54,1,165,completed
,4,0.3,1000,0.0,0.005,network_repeat_166_comb_0.pt,2024-12-09 11:46:55,0,166,completed
17000,4,0.3,1000,0.0,0.005,network_repeat_166_comb_1.pt,2024-12-09 11:46:55,1,166,completed
,4,0.3,1000,0.0,0.005,network_repeat_167_comb_0.pt,2024-12-09 11:46:55,0,167,completed
17000,4,0.3,1000,0.0,0.005,network_repeat_167_comb_1.pt,2024-12-09 11:46:56,1,167,completed
,4,0.3,1000,0.0,0.005,network_repeat_168_comb_0.pt,2024-12-09 11:46:56,0,168,completed
17000,4,0.3,1000,0.0,0.005,network_repeat_168_comb_1.pt,2024-12-09 11:46:57,1,168,completed
,4,0.3,1000,0.0,0.005,network_repeat_169_comb_0.pt,2024-12-09 11:46:57,0,169,completed
17000,4,0.3,1000,0.0,0.005,network_repeat_169_comb_1.pt,2024-12-09 11:46:57,1,169,completed
,4,0.3,1000,0.0,0.005,network_repeat_170_comb_0.pt,2024-12-09 11:46:58,0,170,completed
17000,4,0.3,1000,0.0,0.005,network_repeat_170_comb_1.pt,2024-12-09 11:46:58,1,170,completed
,4,0.3,1000,0.0,0.005,network_repeat_171_comb_0.pt,2024-12-09 11:46:58,0,171,completed
17000,4,0.3,1000,0.0,0.005,network_repeat_171_comb_1.pt,2024-12-09 11:46:59,1,171,completed
,4,0.3,1000,0.0,0.005,network_repeat_172_comb_0.pt,2024-12-09 11:46:59,0,172,completed
17000,4,0.3,1000,0.0,0.005,network_repeat_172_comb_1.pt,2024-12-09 11:47:00,1,172,completed
,4,0.3,1000,0.0,0.005,network_repeat_173_comb_0.pt,2024-12-09 11:47:00,0,173,completed
17000,4,0.3,1000,0.0,0.005,network_repeat_173_comb_1.pt,2024-12-09 11:47:01,1,173,completed
,4,0.3,1000,0.0,0.005,network_repeat_174_comb_0.pt,2024-12-09 11:47:01,0,174,completed
17000,4,0.3,1000,0.0,0.005,network_repeat_174_comb_1.pt,2024-12-09 11:47:01,1,174,completed
,4,0.3,1000,0.0,0.005,network_repeat_175_comb_0.pt,2024-12-09 11:47:02,0,175,completed
17000,4,0.3,1000,0.0,0.005,network_repeat_175_comb_1.pt,2024-12-09 11:47:02,1,175,completed
,4,0.3,1000,0.0,0.005,network_repeat_176_comb_0.pt,2024-12-09 11:47:03,0,176,completed
17000,4,0.3,1000,0.0,0.005,network_repeat_176_comb_1.pt,2024-12-09 11:47:03,1,176,completed
,4,0.3,1000,0.0,0.005,network_repeat_177_comb_0.pt,2024-12-09 11:47:03,0,177,completed
17000,4,0.3,1000,0.0,0.005,network_repeat_177_comb_1.pt,2024-12-09 11:47:04,1,177,completed
,4,0.3,1000,0.0,0.005,network_repeat_178_comb_0.pt,2024-12-09 11:47:04,0,178,completed
17000,4,0.3,1000,0.0,0.005,network_repeat_178_comb_1.pt,2024-12-09 11:47:05,1,178,completed
,4,0.3,1000,0.0,0.005,network_repeat_179_comb_0.pt,2024-12-09 11:47:05,0,179,completed
17000,4,0.3,1000,0.0,0.005,network_repeat_179_comb_1.pt,2024-12-09 11:47:05,1,179,completed
,4,0.3,1000,0.0,0.005,network_repeat_180_comb_0.pt,2024-12-09 11:47:06,0,180,completed
17000,4,0.3,1000,0.0,0.005,network_repeat_180_comb_1.pt,2024-12-09 11:47:06,1,180,completed
,4,0.3,1000,0.0,0.005,network_repeat_181_comb_0.pt,2024-12-09 11:47:07,0,181,completed
17000,4,0.3,1000,0.0,0.005,network_repeat_181_comb_1.pt,2024-12-09 11:47:07,1,181,completed
,4,0.3,1000,0.0,0.005,network_repeat_182_comb_0.pt,2024-12-09 11:47:08,0,182,completed
17000,4,0.3,1000,0.0,0.005,network_repeat_182_comb_1.pt,2024-12-09 11:47:08,1,182,completed
,4,0.3,1000,0.0,0.005,network_repeat_183_comb_0.pt,2024-12-09 11:47:09,0,183,completed
17000,4,0.3,1000,0.0,0.005,network_repeat_183_comb_1.pt,2024-12-09 11:47:09,1,183,completed
,4,0.3,1000,0.0,0.005,network_repeat_184_comb_0.pt,2024-12-09 11:47:10,0,184,completed
17000,4,0.3,1000,0.0,0.005,network_repeat_184_comb_1.pt,2024-12-09 11:47:10,1,184,completed
,4,0.3,1000,0.0,0.005,network_repeat_185_comb_0.pt,2024-12-09 11:47:11,0,185,completed
17000,4,0.3,1000,0.0,0.005,network_repeat_185_comb_1.pt,2024-12-09 11:47:11,1,185,completed
,4,0.3,1000,0.0,0.005,network_repeat_186_comb_0.pt,2024-12-09 11:47:13,0,186,completed
17000,4,0.3,1000,0.0,0.005,network_repeat_186_comb_1.pt,2024-12-09 11:47:13,1,186,completed
,4,0.3,1000,0.0,0.005,network_repeat_187_comb_0.pt,2024-12-09 11:47:13,0,187,completed
17000,4,0.3,1000,0.0,0.005,network_repeat_187_comb_1.pt,2024-12-09 11:47:14,1,187,completed
,4,0.3,1000,0.0,0.005,network_repeat_188_comb_0.pt,2024-12-09 11:47:15,0,188,completed
17000,4,0.3,1000,0.0,0.005,network_repeat_188_comb_1.pt,2024-12-09 11:47:15,1,188,completed
,4,0.3,1000,0.0,0.005,network_repeat_189_comb_0.pt,2024-12-09 11:47:16,0,189,completed
17000,4,0.3,1000,0.0,0.005,network_repeat_189_comb_1.pt,2024-12-09 11:47:16,1,189,completed
,4,0.3,1000,0.0,0.005,network_repeat_190_comb_0.pt,2024-12-09 11:47:16,0,190,completed
17000,4,0.3,1000,0.0,0.005,network_repeat_190_comb_1.pt,2024-12-09 11:47:17,1,190,completed
,4,0.3,1000,0.0,0.005,network_repeat_191_comb_0.pt,2024-12-09 11:47:17,0,191,completed
17000,4,0.3,1000,0.0,0.005,network_repeat_191_comb_1.pt,2024-12-09 11:47:18,1,191,completed
,4,0.3,1000,0.0,0.005,network_repeat_192_comb_0.pt,2024-12-09 11:47:18,0,192,completed
17000,4,0.3,1000,0.0,0.005,network_repeat_192_comb_1.pt,2024-12-09 11:47:19,1,192,completed
,4,0.3,1000,0.0,0.005,network_repeat_193_comb_0.pt,2024-12-09 11:47:19,0,193,completed
17000,4,0.3,1000,0.0,0.005,network_repeat_193_comb_1.pt,2024-12-09 11:47:20,1,193,completed
,4,0.3,1000,0.0,0.005,network_repeat_194_comb_0.pt,2024-12-09 11:47:20,0,194,completed
17000,4,0.3,1000,0.0,0.005,network_repeat_194_comb_1.pt,2024-12-09 11:47:21,1,194,completed
,4,0.3,1000,0.0,0.005,network_repeat_195_comb_0.pt,2024-12-09 11:47:21,0,195,completed
17000,4,0.3,1000,0.0,0.005,network_repeat_195_comb_1.pt,2024-12-09 11:47:22,1,195,completed
,4,0.3,1000,0.0,0.005,network_repeat_196_comb_0.pt,2024-12-09 11:47:22,0,196,completed
17000,4,0.3,1000,0.0,0.005,network_repeat_196_comb_1.pt,2024-12-09 11:47:22,1,196,completed
,4,0.3,1000,0.0,0.005,network_repeat_197_comb_0.pt,2024-12-09 11:47:23,0,197,completed
17000,4,0.3,1000,0.0,0.005,network_repeat_197_comb_1.pt,2024-12-09 11:47:23,1,197,completed
,4,0.3,1000,0.0,0.005,network_repeat_198_comb_0.pt,2024-12-09 11:47:24,0,198,completed
17000,4,0.3,1000,0.0,0.005,network_repeat_198_comb_1.pt,2024-12-09 11:47:24,1,198,completed
,4,0.3,1000,0.0,0.005,network_repeat_199_comb_0.pt,2024-12-09 11:47:24,0,199,completed
17000,4,0.3,1000,0.0,0.005,network_repeat_199_comb_1.pt,2024-12-09 11:47:25,1,199,completed
,4,0.3,1000,0.0,0.005,network_repeat_200_comb_0.pt,2024-12-09 11:47:25,0,200,completed
17000,4,0.3,1000,0.0,0.005,network_repeat_200_comb_1.pt,2024-12-09 11:47:26,1,200,completed
,4,0.3,1000,0.0,0.005,network_repeat_201_comb_0.pt,2024-12-09 11:47:26,0,201,completed
17000,4,0.3,1000,0.0,0.005,network_repeat_201_comb_1.pt,2024-12-09 11:47:27,1,201,completed
,4,0.3,1000,0.0,0.005,network_repeat_202_comb_0.pt,2024-12-09 11:47:28,0,202,completed
17000,4,0.3,1000,0.0,0.005,network_repeat_202_comb_1.pt,2024-12-09 11:47:28,1,202,completed
,4,0.3,1000,0.0,0.005,network_repeat_203_comb_0.pt,2024-12-09 11:47:30,0,203,completed
17000,4,0.3,1000,0.0,0.005,network_repeat_203_comb_1.pt,2024-12-09 11:47:31,1,203,completed
,4,0.3,1000,0.0,0.005,network_repeat_204_comb_0.pt,2024-12-09 11:47:31,0,204,completed
17000,4,0.3,1000,0.0,0.005,network_repeat_204_comb_1.pt,2024-12-09 11:47:32,1,204,completed
,4,0.3,1000,0.0,0.005,network_repeat_205_comb_0.pt,2024-12-09 11:47:32,0,205,completed
17000,4,0.3,1000,0.0,0.005,network_repeat_205_comb_1.pt,2024-12-09 11:47:33,1,205,completed
,4,0.3,1000,0.0,0.005,network_repeat_206_comb_0.pt,2024-12-09 11:47:33,0,206,completed
17000,4,0.3,1000,0.0,0.005,network_repeat_206_comb_1.pt,2024-12-09 11:47:34,1,206,completed
,4,0.3,1000,0.0,0.005,network_repeat_207_comb_0.pt,2024-12-09 11:47:34,0,207,completed
17000,4,0.3,1000,0.0,0.005,network_repeat_207_comb_1.pt,2024-12-09 11:47:34,1,207,completed
,4,0.3,1000,0.0,0.005,network_repeat_208_comb_0.pt,2024-12-09 11:47:35,0,208,completed
17000,4,0.3,1000,0.0,0.005,network_repeat_208_comb_1.pt,2024-12-09 11:47:35,1,208,completed
,4,0.3,1000,0.0,0.005,network_repeat_209_comb_0.pt,2024-12-09 11:47:36,0,209,completed
17000,4,0.3,1000,0.0,0.005,network_repeat_209_comb_1.pt,2024-12-09 11:47:36,1,209,completed
,4,0.3,1000,0.0,0.005,network_repeat_210_comb_0.pt,2024-12-09 11:47:36,0,210,completed
17000,4,0.3,1000,0.0,0.005,network_repeat_210_comb_1.pt,2024-12-09 11:47:37,1,210,completed
,4,0.3,1000,0.0,0.005,network_repeat_211_comb_0.pt,2024-12-09 11:47:38,0,211,completed
17000,4,0.3,1000,0.0,0.005,network_repeat_211_comb_1.pt,2024-12-09 11:47:38,1,211,completed
,4,0.3,1000,0.0,0.005,network_repeat_212_comb_0.pt,2024-12-09 11:47:39,0,212,completed
17000,4,0.3,1000,0.0,0.005,network_repeat_212_comb_1.pt,2024-12-09 11:47:40,1,212,completed
,4,0.3,1000,0.0,0.005,network_repeat_213_comb_0.pt,2024-12-09 11:47:40,0,213,completed
17000,4,0.3,1000,0.0,0.005,network_repeat_213_comb_1.pt,2024-12-09 11:47:41,1,213,completed
,4,0.3,1000,0.0,0.005,network_repeat_214_comb_0.pt,2024-12-09 11:47:41,0,214,completed
17000,4,0.3,1000,0.0,0.005,network_repeat_214_comb_1.pt,2024-12-09 11:47:42,1,214,completed
,4,0.3,1000,0.0,0.005,network_repeat_215_comb_0.pt,2024-12-09 11:47:42,0,215,completed
17000,4,0.3,1000,0.0,0.005,network_repeat_215_comb_1.pt,2024-12-09 11:47:43,1,215,completed
,4,0.3,1000,0.0,0.005,network_repeat_216_comb_0.pt,2024-12-09 11:47:44,0,216,completed
17000,4,0.3,1000,0.0,0.005,network_repeat_216_comb_1.pt,2024-12-09 11:47:44,1,216,completed
,4,0.3,1000,0.0,0.005,network_repeat_217_comb_0.pt,2024-12-09 11:47:45,0,217,completed
17000,4,0.3,1000,0.0,0.005,network_repeat_217_comb_1.pt,2024-12-09 11:47:46,1,217,completed
,4,0.3,1000,0.0,0.005,network_repeat_218_comb_0.pt,2024-12-09 11:47:46,0,218,completed
17000,4,0.3,1000,0.0,0.005,network_repeat_218_comb_1.pt,2024-12-09 11:47:46,1,218,completed
,4,0.3,1000,0.0,0.005,network_repeat_219_comb_0.pt,2024-12-09 11:47:47,0,219,completed
17000,4,0.3,1000,0.0,0.005,network_repeat_219_comb_1.pt,2024-12-09 11:47:47,1,219,completed
,4,0.3,1000,0.0,0.005,network_repeat_220_comb_0.pt,2024-12-09 11:47:48,0,220,completed
17000,4,0.3,1000,0.0,0.005,network_repeat_220_comb_1.pt,2024-12-09 11:47:48,1,220,completed
,4,0.3,1000,0.0,0.005,network_repeat_221_comb_0.pt,2024-12-09 11:47:49,0,221,completed
17000,4,0.3,1000,0.0,0.005,network_repeat_221_comb_1.pt,2024-12-09 11:47:50,1,221,completed
,4,0.3,1000,0.0,0.005,network_repeat_222_comb_0.pt,2024-12-09 11:47:50,0,222,completed
17000,4,0.3,1000,0.0,0.005,network_repeat_222_comb_1.pt,2024-12-09 11:47:51,1,222,completed
,4,0.3,1000,0.0,0.005,network_repeat_223_comb_0.pt,2024-12-09 11:47:51,0,223,completed
17000,4,0.3,1000,0.0,0.005,network_repeat_223_comb_1.pt,2024-12-09 11:47:51,1,223,completed
,4,0.3,1000,0.0,0.005,network_repeat_224_comb_0.pt,2024-12-09 11:47:52,0,224,completed
17000,4,0.3,1000,0.0,0.005,network_repeat_224_comb_1.pt,2024-12-09 11:47:52,1,224,completed
,4,0.3,1000,0.0,0.005,network_repeat_225_comb_0.pt,2024-12-09 11:47:56,0,225,completed
17000,4,0.3,1000,0.0,0.005,network_repeat_225_comb_1.pt,2024-12-09 11:47:57,1,225,completed
,4,0.3,1000,0.0,0.005,network_repeat_226_comb_0.pt,2024-12-09 11:47:57,0,226,completed
17000,4,0.3,1000,0.0,0.005,network_repeat_226_comb_1.pt,2024-12-09 11:47:57,1,226,completed
,4,0.3,1000,0.0,0.005,network_repeat_227_comb_0.pt,2024-12-09 11:47:58,0,227,completed
17000,4,0.3,1000,0.0,0.005,network_repeat_227_comb_1.pt,2024-12-09 11:47:58,1,227,completed
,4,0.3,1000,0.0,0.005,network_repeat_228_comb_0.pt,2024-12-09 11:48:00,0,228,completed
17000,4,0.3,1000,0.0,0.005,network_repeat_228_comb_1.pt,2024-12-09 11:48:00,1,228,completed
,4,0.3,1000,0.0,0.005,network_repeat_229_comb_0.pt,2024-12-09 11:48:01,0,229,completed
17000,4,0.3,1000,0.0,0.005,network_repeat_229_comb_1.pt,2024-12-09 11:48:01,1,229,completed
,4,0.3,1000,0.0,0.005,network_repeat_230_comb_0.pt,2024-12-09 11:48:02,0,230,completed
17000,4,0.3,1000,0.0,0.005,network_repeat_230_comb_1.pt,2024-12-09 11:48:03,1,230,completed
,4,0.3,1000,0.0,0.005,network_repeat_231_comb_0.pt,2024-12-09 11:48:03,0,231,completed
17000,4,0.3,1000,0.0,0.005,network_repeat_231_comb_1.pt,2024-12-09 11:48:03,1,231,completed
,4,0.3,1000,0.0,0.005,network_repeat_232_comb_0.pt,2024-12-09 11:48:04,0,232,completed
17000,4,0.3,1000,0.0,0.005,network_repeat_232_comb_1.pt,2024-12-09 11:48:04,1,232,completed
,4,0.3,1000,0.0,0.005,network_repeat_233_comb_0.pt,2024-12-09 11:48:05,0,233,completed
17000,4,0.3,1000,0.0,0.005,network_repeat_233_comb_1.pt,2024-12-09 11:48:05,1,233,completed
,4,0.3,1000,0.0,0.005,network_repeat_234_comb_0.pt,2024-12-09 11:48:05,0,234,completed
17000,4,0.3,1000,0.0,0.005,network_repeat_234_comb_1.pt,2024-12-09 11:48:06,1,234,completed
,4,0.3,1000,0.0,0.005,network_repeat_235_comb_0.pt,2024-12-09 11:48:07,0,235,completed
17000,4,0.3,1000,0.0,0.005,network_repeat_235_comb_1.pt,2024-12-09 11:48:07,1,235,completed
,4,0.3,1000,0.0,0.005,network_repeat_236_comb_0.pt,2024-12-09 11:48:07,0,236,completed
17000,4,0.3,1000,0.0,0.005,network_repeat_236_comb_1.pt,2024-12-09 11:48:08,1,236,completed
,4,0.3,1000,0.0,0.005,network_repeat_237_comb_0.pt,2024-12-09 11:48:08,0,237,completed
17000,4,0.3,1000,0.0,0.005,network_repeat_237_comb_1.pt,2024-12-09 11:48:09,1,237,completed
,4,0.3,1000,0.0,0.005,network_repeat_238_comb_0.pt,2024-12-09 11:48:09,0,238,completed
17000,4,0.3,1000,0.0,0.005,network_repeat_238_comb_1.pt,2024-12-09 11:48:10,1,238,completed
,4,0.3,1000,0.0,0.005,network_repeat_239_comb_0.pt,2024-12-09 11:48:11,0,239,completed
17000,4,0.3,1000,0.0,0.005,network_repeat_239_comb_1.pt,2024-12-09 11:48:11,1,239,completed
,4,0.3,1000,0.0,0.005,network_repeat_240_comb_0.pt,2024-12-09 11:48:11,0,240,completed
17000,4,0.3,1000,0.0,0.005,network_repeat_240_comb_1.pt,2024-12-09 11:48:11,1,240,completed
,4,0.3,1000,0.0,0.005,network_repeat_241_comb_0.pt,2024-12-09 11:48:12,0,241,completed
17000,4,0.3,1000,0.0,0.005,network_repeat_241_comb_1.pt,2024-12-09 11:48:13,1,241,completed
,4,0.3,1000,0.0,0.005,network_repeat_242_comb_0.pt,2024-12-09 11:48:13,0,242,completed
17000,4,0.3,1000,0.0,0.005,network_repeat_242_comb_1.pt,2024-12-09 11:48:14,1,242,completed
,4,0.3,1000,0.0,0.005,network_repeat_243_comb_0.pt,2024-12-09 11:48:14,0,243,completed
17000,4,0.3,1000,0.0,0.005,network_repeat_243_comb_1.pt,2024-12-09 11:48:15,1,243,completed
,4,0.3,1000,0.0,0.005,network_repeat_244_comb_0.pt,2024-12-09 11:48:16,0,244,completed
17000,4,0.3,1000,0.0,0.005,network_repeat_244_comb_1.pt,2024-12-09 11:48:16,1,244,completed
,4,0.3,1000,0.0,0.005,network_repeat_245_comb_0.pt,2024-12-09 11:48:17,0,245,completed
17000,4,0.3,1000,0.0,0.005,network_repeat_245_comb_1.pt,2024-12-09 11:48:17,1,245,completed
,4,0.3,1000,0.0,0.005,network_repeat_246_comb_0.pt,2024-12-09 11:48:18,0,246,completed
17000,4,0.3,1000,0.0,0.005,network_repeat_246_comb_1.pt,2024-12-09 11:48:19,1,246,completed
,4,0.3,1000,0.0,0.005,network_repeat_247_comb_0.pt,2024-12-09 11:48:19,0,247,completed
17000,4,0.3,1000,0.0,0.005,network_repeat_247_comb_1.pt,2024-12-09 11:48:19,1,247,completed
,4,0.3,1000,0.0,0.005,network_repeat_248_comb_0.pt,2024-12-09 11:48:20,0,248,completed
17000,4,0.3,1000,0.0,0.005,network_repeat_248_comb_1.pt,2024-12-09 11:48:21,1,248,completed
,4,0.3,1000,0.0,0.005,network_repeat_249_comb_0.pt,2024-12-09 11:48:22,0,249,completed
17000,4,0.3,1000,0.0,0.005,network_repeat_249_comb_1.pt,2024-12-09 11:48:22,1,249,completed
,4,0.3,1000,0.0,0.005,network_repeat_250_comb_0.pt,2024-12-09 11:48:23,0,250,completed
17000,4,0.3,1000,0.0,0.005,network_repeat_250_comb_1.pt,2024-12-09 11:48:23,1,250,completed
,4,0.3,1000,0.0,0.005,network_repeat_251_comb_0.pt,2024-12-09 11:48:24,0,251,completed
17000,4,0.3,1000,0.0,0.005,network_repeat_251_comb_1.pt,2024-12-09 11:48:24,1,251,completed
,4,0.3,1000,0.0,0.005,network_repeat_252_comb_0.pt,2024-12-09 11:48:25,0,252,completed
17000,4,0.3,1000,0.0,0.005,network_repeat_252_comb_1.pt,2024-12-09 11:48:26,1,252,completed
,4,0.3,1000,0.0,0.005,network_repeat_253_comb_0.pt,2024-12-09 11:48:26,0,253,completed
17000,4,0.3,1000,0.0,0.005,network_repeat_253_comb_1.pt,2024-12-09 11:48:27,1,253,completed
,4,0.3,1000,0.0,0.005,network_repeat_254_comb_0.pt,2024-12-09 11:48:27,0,254,completed
17000,4,0.3,1000,0.0,0.005,network_repeat_254_comb_1.pt,2024-12-09 11:48:28,1,254,completed
,4,0.3,1000,0.0,0.005,network_repeat_255_comb_0.pt,2024-12-09 11:48:29,0,255,completed
17000,4,0.3,1000,0.0,0.005,network_repeat_255_comb_1.pt,2024-12-09 11:48:29,1,255,completed
,4,0.3,1000,0.0,0.005,network_repeat_256_comb_0.pt,2024-12-09 11:48:30,0,256,completed
17000,4,0.3,1000,0.0,0.005,network_repeat_256_comb_1.pt,2024-12-09 11:48:31,1,256,completed
,4,0.3,1000,0.0,0.005,network_repeat_257_comb_0.pt,2024-12-09 11:48:31,0,257,completed
17000,4,0.3,1000,0.0,0.005,network_repeat_257_comb_1.pt,2024-12-09 11:48:32,1,257,completed
,4,0.3,1000,0.0,0.005,network_repeat_258_comb_0.pt,2024-12-09 11:48:32,0,258,completed
17000,4,0.3,1000,0.0,0.005,network_repeat_258_comb_1.pt,2024-12-09 11:48:33,1,258,completed
,4,0.3,1000,0.0,0.005,network_repeat_259_comb_0.pt,2024-12-09 11:48:33,0,259,completed
17000,4,0.3,1000,0.0,0.005,network_repeat_259_comb_1.pt,2024-12-09 11:48:34,1,259,completed
,4,0.3,1000,0.0,0.005,network_repeat_260_comb_0.pt,2024-12-09 11:48:34,0,260,completed
17000,4,0.3,1000,0.0,0.005,network_repeat_260_comb_1.pt,2024-12-09 11:48:35,1,260,completed
,4,0.3,1000,0.0,0.005,network_repeat_261_comb_0.pt,2024-12-09 11:48:35,0,261,completed
17000,4,0.3,1000,0.0,0.005,network_repeat_261_comb_1.pt,2024-12-09 11:48:36,1,261,completed
,4,0.3,1000,0.0,0.005,network_repeat_262_comb_0.pt,2024-12-09 11:48:37,0,262,completed
17000,4,0.3,1000,0.0,0.005,network_repeat_262_comb_1.pt,2024-12-09 11:48:38,1,262,completed
,4,0.3,1000,0.0,0.005,network_repeat_263_comb_0.pt,2024-12-09 11:48:38,0,263,completed
17000,4,0.3,1000,0.0,0.005,network_repeat_263_comb_1.pt,2024-12-09 11:48:40,1,263,completed
,4,0.3,1000,0.0,0.005,network_repeat_264_comb_0.pt,2024-12-09 11:48:40,0,264,completed
17000,4,0.3,1000,0.0,0.005,network_repeat_264_comb_1.pt,2024-12-09 11:48:40,1,264,completed
,4,0.3,1000,0.0,0.005,network_repeat_265_comb_0.pt,2024-12-09 11:48:41,0,265,completed
17000,4,0.3,1000,0.0,0.005,network_repeat_265_comb_1.pt,2024-12-09 11:48:42,1,265,completed
,4,0.3,1000,0.0,0.005,network_repeat_266_comb_0.pt,2024-12-09 11:48:42,0,266,completed
17000,4,0.3,1000,0.0,0.005,network_repeat_266_comb_1.pt,2024-12-09 11:48:42,1,266,completed
,4,0.3,1000,0.0,0.005,network_repeat_267_comb_0.pt,2024-12-09 11:48:43,0,267,completed
17000,4,0.3,1000,0.0,0.005,network_repeat_267_comb_1.pt,2024-12-09 11:48:43,1,267,completed
,4,0.3,1000,0.0,0.005,network_repeat_268_comb_0.pt,2024-12-09 11:48:43,0,268,completed
17000,4,0.3,1000,0.0,0.005,network_repeat_268_comb_1.pt,2024-12-09 11:48:44,1,268,completed
,4,0.3,1000,0.0,0.005,network_repeat_269_comb_0.pt,2024-12-09 11:48:44,0,269,completed
17000,4,0.3,1000,0.0,0.005,network_repeat_269_comb_1.pt,2024-12-09 11:48:44,1,269,completed
,4,0.3,1000,0.0,0.005,network_repeat_270_comb_0.pt,2024-12-09 11:48:45,0,270,completed
17000,4,0.3,1000,0.0,0.005,network_repeat_270_comb_1.pt,2024-12-09 11:48:45,1,270,completed
,4,0.3,1000,0.0,0.005,network_repeat_271_comb_0.pt,2024-12-09 11:48:46,0,271,completed
17000,4,0.3,1000,0.0,0.005,network_repeat_271_comb_1.pt,2024-12-09 11:48:46,1,271,completed
,4,0.3,1000,0.0,0.005,network_repeat_272_comb_0.pt,2024-12-09 11:48:47,0,272,completed
17000,4,0.3,1000,0.0,0.005,network_repeat_272_comb_1.pt,2024-12-09 11:48:47,1,272,completed
,4,0.3,1000,0.0,0.005,network_repeat_273_comb_0.pt,2024-12-09 11:48:48,0,273,completed
17000,4,0.3,1000,0.0,0.005,network_repeat_273_comb_1.pt,2024-12-09 11:48:48,1,273,completed
,4,0.3,1000,0.0,0.005,network_repeat_274_comb_0.pt,2024-12-09 11:48:49,0,274,completed
17000,4,0.3,1000,0.0,0.005,network_repeat_274_comb_1.pt,2024-12-09 11:48:50,1,274,completed
,4,0.3,1000,0.0,0.005,network_repeat_275_comb_0.pt,2024-12-09 11:48:50,0,275,completed
17000,4,0.3,1000,0.0,0.005,network_repeat_275_comb_1.pt,2024-12-09 11:48:51,1,275,completed
,4,0.3,1000,0.0,0.005,network_repeat_276_comb_0.pt,2024-12-09 11:48:51,0,276,completed
17000,4,0.3,1000,0.0,0.005,network_repeat_276_comb_1.pt,2024-12-09 11:48:52,1,276,completed
,4,0.3,1000,0.0,0.005,network_repeat_277_comb_0.pt,2024-12-09 11:48:52,0,277,completed
17000,4,0.3,1000,0.0,0.005,network_repeat_277_comb_1.pt,2024-12-09 11:48:52,1,277,completed
,4,0.3,1000,0.0,0.005,network_repeat_278_comb_0.pt,2024-12-09 11:48:53,0,278,completed
17000,4,0.3,1000,0.0,0.005,network_repeat_278_comb_1.pt,2024-12-09 11:48:53,1,278,completed
,4,0.3,1000,0.0,0.005,network_repeat_279_comb_0.pt,2024-12-09 11:48:54,0,279,completed
17000,4,0.3,1000,0.0,0.005,network_repeat_279_comb_1.pt,2024-12-09 11:48:54,1,279,completed
,4,0.3,1000,0.0,0.005,network_repeat_280_comb_0.pt,2024-12-09 11:48:54,0,280,completed
17000,4,0.3,1000,0.0,0.005,network_repeat_280_comb_1.pt,2024-12-09 11:48:55,1,280,completed
,4,0.3,1000,0.0,0.005,network_repeat_281_comb_0.pt,2024-12-09 11:48:55,0,281,completed
17000,4,0.3,1000,0.0,0.005,network_repeat_281_comb_1.pt,2024-12-09 11:48:56,1,281,completed
,4,0.3,1000,0.0,0.005,network_repeat_282_comb_0.pt,2024-12-09 11:48:56,0,282,completed
17000,4,0.3,1000,0.0,0.005,network_repeat_282_comb_1.pt,2024-12-09 11:48:56,1,282,completed
,4,0.3,1000,0.0,0.005,network_repeat_283_comb_0.pt,2024-12-09 11:48:57,0,283,completed
17000,4,0.3,1000,0.0,0.005,network_repeat_283_comb_1.pt,2024-12-09 11:48:58,1,283,completed
,4,0.3,1000,0.0,0.005,network_repeat_284_comb_0.pt,2024-12-09 11:48:58,0,284,completed
17000,4,0.3,1000,0.0,0.005,network_repeat_284_comb_1.pt,2024-12-09 11:48:59,1,284,completed
,4,0.3,1000,0.0,0.005,network_repeat_285_comb_0.pt,2024-12-09 11:48:59,0,285,completed
17000,4,0.3,1000,0.0,0.005,network_repeat_285_comb_1.pt,2024-12-09 11:48:59,1,285,completed
,4,0.3,1000,0.0,0.005,network_repeat_286_comb_0.pt,2024-12-09 11:49:00,0,286,completed
17000,4,0.3,1000,0.0,0.005,network_repeat_286_comb_1.pt,2024-12-09 11:49:00,1,286,completed
,4,0.3,1000,0.0,0.005,network_repeat_287_comb_0.pt,2024-12-09 11:49:01,0,287,completed
17000,4,0.3,1000,0.0,0.005,network_repeat_287_comb_1.pt,2024-12-09 11:49:01,1,287,completed
,4,0.3,1000,0.0,0.005,network_repeat_288_comb_0.pt,2024-12-09 11:49:01,0,288,completed
17000,4,0.3,1000,0.0,0.005,network_repeat_288_comb_1.pt,2024-12-09 11:49:02,1,288,completed
,4,0.3,1000,0.0,0.005,network_repeat_289_comb_0.pt,2024-12-09 11:49:02,0,289,completed
17000,4,0.3,1000,0.0,0.005,network_repeat_289_comb_1.pt,2024-12-09 11:49:03,1,289,completed
,4,0.3,1000,0.0,0.005,network_repeat_290_comb_0.pt,2024-12-09 11:49:04,0,290,completed
17000,4,0.3,1000,0.0,0.005,network_repeat_290_comb_1.pt,2024-12-09 11:49:04,1,290,completed
,4,0.3,1000,0.0,0.005,network_repeat_291_comb_0.pt,2024-12-09 11:49:04,0,291,completed
17000,4,0.3,1000,0.0,0.005,network_repeat_291_comb_1.pt,2024-12-09 11:49:05,1,291,completed
,4,0.3,1000,0.0,0.005,network_repeat_292_comb_0.pt,2024-12-09 11:49:05,0,292,completed
17000,4,0.3,1000,0.0,0.005,network_repeat_292_comb_1.pt,2024-12-09 11:49:06,1,292,completed
,4,0.3,1000,0.0,0.005,network_repeat_293_comb_0.pt,2024-12-09 11:49:06,0,293,completed
17000,4,0.3,1000,0.0,0.005,network_repeat_293_comb_1.pt,2024-12-09 11:49:06,1,293,completed
,4,0.3,1000,0.0,0.005,network_repeat_294_comb_0.pt,2024-12-09 11:49:07,0,294,completed
17000,4,0.3,1000,0.0,0.005,network_repeat_294_comb_1.pt,2024-12-09 11:49:07,1,294,completed
,4,0.3,1000,0.0,0.005,network_repeat_295_comb_0.pt,2024-12-09 11:49:07,0,295,completed
17000,4,0.3,1000,0.0,0.005,network_repeat_295_comb_1.pt,2024-12-09 11:49:08,1,295,completed
,4,0.3,1000,0.0,0.005,network_repeat_296_comb_0.pt,2024-12-09 11:49:08,0,296,completed
17000,4,0.3,1000,0.0,0.005,network_repeat_296_comb_1.pt,2024-12-09 11:49:09,1,296,completed
,4,0.3,1000,0.0,0.005,network_repeat_297_comb_0.pt,2024-12-09 11:49:10,0,297,completed
17000,4,0.3,1000,0.0,0.005,network_repeat_297_comb_1.pt,2024-12-09 11:49:10,1,297,completed
,4,0.3,1000,0.0,0.005,network_repeat_298_comb_0.pt,2024-12-09 11:49:11,0,298,completed
17000,4,0.3,1000,0.0,0.005,network_repeat_298_comb_1.pt,2024-12-09 11:49:12,1,298,completed
,4,0.3,1000,0.0,0.005,network_repeat_299_comb_0.pt,2024-12-09 11:49:12,0,299,completed
17000,4,0.3,1000,0.0,0.005,network_repeat_299_comb_1.pt,2024-12-09 11:49:13,1,299,completed
,4,0.3,1000,0.0,0.005,network_repeat_300_comb_0.pt,2024-12-09 11:49:13,0,300,completed
17000,4,0.3,1000,0.0,0.005,network_repeat_300_comb_1.pt,2024-12-09 11:49:13,1,300,completed
,4,0.3,1000,0.0,0.005,network_repeat_301_comb_0.pt,2024-12-09 11:49:14,0,301,completed
17000,4,0.3,1000,0.0,0.005,network_repeat_301_comb_1.pt,2024-12-09 11:49:14,1,301,completed
,4,0.3,1000,0.0,0.005,network_repeat_302_comb_0.pt,2024-12-09 11:49:15,0,302,completed
17000,4,0.3,1000,0.0,0.005,network_repeat_302_comb_1.pt,2024-12-09 11:49:15,1,302,completed
,4,0.3,1000,0.0,0.005,network_repeat_303_comb_0.pt,2024-12-09 11:49:16,0,303,completed
17000,4,0.3,1000,0.0,0.005,network_repeat_303_comb_1.pt,2024-12-09 11:49:16,1,303,completed
,4,0.3,1000,0.0,0.005,network_repeat_304_comb_0.pt,2024-12-09 11:49:17,0,304,completed
17000,4,0.3,1000,0.0,0.005,network_repeat_304_comb_1.pt,2024-12-09 11:49:17,1,304,completed
,4,0.3,1000,0.0,0.005,network_repeat_305_comb_0.pt,2024-12-09 11:49:17,0,305,completed
17000,4,0.3,1000,0.0,0.005,network_repeat_305_comb_1.pt,2024-12-09 11:49:18,1,305,completed
,4,0.3,1000,0.0,0.005,network_repeat_306_comb_0.pt,2024-12-09 11:49:18,0,306,completed
17000,4,0.3,1000,0.0,0.005,network_repeat_306_comb_1.pt,2024-12-09 11:49:19,1,306,completed
,4,0.3,1000,0.0,0.005,network_repeat_307_comb_0.pt,2024-12-09 11:49:19,0,307,completed
17000,4,0.3,1000,0.0,0.005,network_repeat_307_comb_1.pt,2024-12-09 11:49:20,1,307,completed
,4,0.3,1000,0.0,0.005,network_repeat_308_comb_0.pt,2024-12-09 11:49:20,0,308,completed
17000,4,0.3,1000,0.0,0.005,network_repeat_308_comb_1.pt,2024-12-09 11:49:21,1,308,completed
,4,0.3,1000,0.0,0.005,network_repeat_309_comb_0.pt,2024-12-09 11:49:22,0,309,completed
17000,4,0.3,1000,0.0,0.005,network_repeat_309_comb_1.pt,2024-12-09 11:49:22,1,309,completed
,4,0.3,1000,0.0,0.005,network_repeat_310_comb_0.pt,2024-12-09 11:49:23,0,310,completed
17000,4,0.3,1000,0.0,0.005,network_repeat_310_comb_1.pt,2024-12-09 11:49:23,1,310,completed
,4,0.3,1000,0.0,0.005,network_repeat_311_comb_0.pt,2024-12-09 11:49:24,0,311,completed
17000,4,0.3,1000,0.0,0.005,network_repeat_311_comb_1.pt,2024-12-09 11:49:24,1,311,completed
,4,0.3,1000,0.0,0.005,network_repeat_312_comb_0.pt,2024-12-09 11:49:24,0,312,completed
17000,4,0.3,1000,0.0,0.005,network_repeat_312_comb_1.pt,2024-12-09 11:49:25,1,312,completed
,4,0.3,1000,0.0,0.005,network_repeat_313_comb_0.pt,2024-12-09 11:49:25,0,313,completed
17000,4,0.3,1000,0.0,0.005,network_repeat_313_comb_1.pt,2024-12-09 11:49:25,1,313,completed
,4,0.3,1000,0.0,0.005,network_repeat_314_comb_0.pt,2024-12-09 11:49:26,0,314,completed
17000,4,0.3,1000,0.0,0.005,network_repeat_314_comb_1.pt,2024-12-09 11:49:26,1,314,completed
,4,0.3,1000,0.0,0.005,network_repeat_315_comb_0.pt,2024-12-09 11:49:27,0,315,completed
17000,4,0.3,1000,0.0,0.005,network_repeat_315_comb_1.pt,2024-12-09 11:49:27,1,315,completed
,4,0.3,1000,0.0,0.005,network_repeat_316_comb_0.pt,2024-12-09 11:49:28,0,316,completed
17000,4,0.3,1000,0.0,0.005,network_repeat_316_comb_1.pt,2024-12-09 11:49:28,1,316,completed
,4,0.3,1000,0.0,0.005,network_repeat_317_comb_0.pt,2024-12-09 11:49:29,0,317,completed
17000,4,0.3,1000,0.0,0.005,network_repeat_317_comb_1.pt,2024-12-09 11:49:29,1,317,completed
,4,0.3,1000,0.0,0.005,network_repeat_318_comb_0.pt,2024-12-09 11:49:29,0,318,completed
17000,4,0.3,1000,0.0,0.005,network_repeat_318_comb_1.pt,2024-12-09 11:49:30,1,318,completed
,4,0.3,1000,0.0,0.005,network_repeat_319_comb_0.pt,2024-12-09 11:49:30,0,319,completed
17000,4,0.3,1000,0.0,0.005,network_repeat_319_comb_1.pt,2024-12-09 11:49:30,1,319,completed
,4,0.3,1000,0.0,0.005,network_repeat_320_comb_0.pt,2024-12-09 11:49:31,0,320,completed
17000,4,0.3,1000,0.0,0.005,network_repeat_320_comb_1.pt,2024-12-09 11:49:31,1,320,completed
,4,0.3,1000,0.0,0.005,network_repeat_321_comb_0.pt,2024-12-09 11:49:31,0,321,completed
17000,4,0.3,1000,0.0,0.005,network_repeat_321_comb_1.pt,2024-12-09 11:49:32,1,321,completed
,4,0.3,1000,0.0,0.005,network_repeat_322_comb_0.pt,2024-12-09 11:49:32,0,322,completed
17000,4,0.3,1000,0.0,0.005,network_repeat_322_comb_1.pt,2024-12-09 11:49:34,1,322,completed
,4,0.3,1000,0.0,0.005,network_repeat_323_comb_0.pt,2024-12-09 11:49:34,0,323,completed
17000,4,0.3,1000,0.0,0.005,network_repeat_323_comb_1.pt,2024-12-09 11:49:35,1,323,completed
,4,0.3,1000,0.0,0.005,network_repeat_324_comb_0.pt,2024-12-09 11:49:36,0,324,completed
17000,4,0.3,1000,0.0,0.005,network_repeat_324_comb_1.pt,2024-12-09 11:49:36,1,324,completed
,4,0.3,1000,0.0,0.005,network_repeat_325_comb_0.pt,2024-12-09 11:49:36,0,325,completed
17000,4,0.3,1000,0.0,0.005,network_repeat_325_comb_1.pt,2024-12-09 11:49:37,1,325,completed
,4,0.3,1000,0.0,0.005,network_repeat_326_comb_0.pt,2024-12-09 11:49:37,0,326,completed
17000,4,0.3,1000,0.0,0.005,network_repeat_326_comb_1.pt,2024-12-09 11:49:38,1,326,completed
,4,0.3,1000,0.0,0.005,network_repeat_327_comb_0.pt,2024-12-09 11:49:38,0,327,completed
17000,4,0.3,1000,0.0,0.005,network_repeat_327_comb_1.pt,2024-12-09 11:49:39,1,327,completed
,4,0.3,1000,0.0,0.005,network_repeat_328_comb_0.pt,2024-12-09 11:49:39,0,328,completed
17000,4,0.3,1000,0.0,0.005,network_repeat_328_comb_1.pt,2024-12-09 11:49:40,1,328,completed
,4,0.3,1000,0.0,0.005,network_repeat_329_comb_0.pt,2024-12-09 11:49:40,0,329,completed
17000,4,0.3,1000,0.0,0.005,network_repeat_329_comb_1.pt,2024-12-09 11:49:41,1,329,completed
,4,0.3,1000,0.0,0.005,network_repeat_330_comb_0.pt,2024-12-09 11:49:41,0,330,completed
17000,4,0.3,1000,0.0,0.005,network_repeat_330_comb_1.pt,2024-12-09 11:49:42,1,330,completed
,4,0.3,1000,0.0,0.005,network_repeat_331_comb_0.pt,2024-12-09 11:49:42,0,331,completed
17000,4,0.3,1000,0.0,0.005,network_repeat_331_comb_1.pt,2024-12-09 11:49:43,1,331,completed
,4,0.3,1000,0.0,0.005,network_repeat_332_comb_0.pt,2024-12-09 11:49:43,0,332,completed
17000,4,0.3,1000,0.0,0.005,network_repeat_332_comb_1.pt,2024-12-09 11:49:44,1,332,completed
,4,0.3,1000,0.0,0.005,network_repeat_333_comb_0.pt,2024-12-09 11:49:44,0,333,completed
17000,4,0.3,1000,0.0,0.005,network_repeat_333_comb_1.pt,2024-12-09 11:49:45,1,333,completed
,4,0.3,1000,0.0,0.005,network_repeat_334_comb_0.pt,2024-12-09 11:49:45,0,334,completed
17000,4,0.3,1000,0.0,0.005,network_repeat_334_comb_1.pt,2024-12-09 11:49:46,1,334,completed
,4,0.3,1000,0.0,0.005,network_repeat_335_comb_0.pt,2024-12-09 11:49:46,0,335,completed
17000,4,0.3,1000,0.0,0.005,network_repeat_335_comb_1.pt,2024-12-09 11:49:47,1,335,completed
,4,0.3,1000,0.0,0.005,network_repeat_336_comb_0.pt,2024-12-09 11:49:48,0,336,completed
17000,4,0.3,1000,0.0,0.005,network_repeat_336_comb_1.pt,2024-12-09 11:49:48,1,336,completed
,4,0.3,1000,0.0,0.005,network_repeat_337_comb_0.pt,2024-12-09 11:49:48,0,337,completed
17000,4,0.3,1000,0.0,0.005,network_repeat_337_comb_1.pt,2024-12-09 11:49:49,1,337,completed
,4,0.3,1000,0.0,0.005,network_repeat_338_comb_0.pt,2024-12-09 11:49:52,0,338,completed
17000,4,0.3,1000,0.0,0.005,network_repeat_338_comb_1.pt,2024-12-09 11:49:53,1,338,completed
,4,0.3,1000,0.0,0.005,network_repeat_339_comb_0.pt,2024-12-09 11:49:53,0,339,completed
17000,4,0.3,1000,0.0,0.005,network_repeat_339_comb_1.pt,2024-12-09 11:49:53,1,339,completed
,4,0.3,1000,0.0,0.005,network_repeat_340_comb_0.pt,2024-12-09 11:49:54,0,340,completed
17000,4,0.3,1000,0.0,0.005,network_repeat_340_comb_1.pt,2024-12-09 11:49:55,1,340,completed
,4,0.3,1000,0.0,0.005,network_repeat_341_comb_0.pt,2024-12-09 11:49:55,0,341,completed
17000,4,0.3,1000,0.0,0.005,network_repeat_341_comb_1.pt,2024-12-09 11:49:56,1,341,completed
,4,0.3,1000,0.0,0.005,network_repeat_342_comb_0.pt,2024-12-09 11:49:56,0,342,completed
17000,4,0.3,1000,0.0,0.005,network_repeat_342_comb_1.pt,2024-12-09 11:49:57,1,342,completed
,4,0.3,1000,0.0,0.005,network_repeat_343_comb_0.pt,2024-12-09 11:49:57,0,343,completed
17000,4,0.3,1000,0.0,0.005,network_repeat_343_comb_1.pt,2024-12-09 11:49:57,1,343,completed
,4,0.3,1000,0.0,0.005,network_repeat_344_comb_0.pt,2024-12-09 11:49:58,0,344,completed
17000,4,0.3,1000,0.0,0.005,network_repeat_344_comb_1.pt,2024-12-09 11:49:58,1,344,completed
,4,0.3,1000,0.0,0.005,network_repeat_345_comb_0.pt,2024-12-09 11:50:00,0,345,completed
17000,4,0.3,1000,0.0,0.005,network_repeat_345_comb_1.pt,2024-12-09 11:50:00,1,345,completed
,4,0.3,1000,0.0,0.005,network_repeat_346_comb_0.pt,2024-12-09 11:50:01,0,346,completed
17000,4,0.3,1000,0.0,0.005,network_repeat_346_comb_1.pt,2024-12-09 11:50:01,1,346,completed
,4,0.3,1000,0.0,0.005,network_repeat_347_comb_0.pt,2024-12-09 11:50:01,0,347,completed
17000,4,0.3,1000,0.0,0.005,network_repeat_347_comb_1.pt,2024-12-09 11:50:02,1,347,completed
,4,0.3,1000,0.0,0.005,network_repeat_348_comb_0.pt,2024-12-09 11:50:02,0,348,completed
17000,4,0.3,1000,0.0,0.005,network_repeat_348_comb_1.pt,2024-12-09 11:50:02,1,348,completed
,4,0.3,1000,0.0,0.005,network_repeat_349_comb_0.pt,2024-12-09 11:50:02,0,349,completed
17000,4,0.3,1000,0.0,0.005,network_repeat_349_comb_1.pt,2024-12-09 11:50:03,1,349,completed
,4,0.3,1000,0.0,0.005,network_repeat_350_comb_0.pt,2024-12-09 11:50:03,0,350,completed
17000,4,0.3,1000,0.0,0.005,network_repeat_350_comb_1.pt,2024-12-09 11:50:04,1,350,completed
,4,0.3,1000,0.0,0.005,network_repeat_351_comb_0.pt,2024-12-09 11:50:04,0,351,completed
17000,4,0.3,1000,0.0,0.005,network_repeat_351_comb_1.pt,2024-12-09 11:50:05,1,351,completed
,4,0.3,1000,0.0,0.005,network_repeat_352_comb_0.pt,2024-12-09 11:50:05,0,352,completed
17000,4,0.3,1000,0.0,0.005,network_repeat_352_comb_1.pt,2024-12-09 11:50:06,1,352,completed
,4,0.3,1000,0.0,0.005,network_repeat_353_comb_0.pt,2024-12-09 11:50:06,0,353,completed
17000,4,0.3,1000,0.0,0.005,network_repeat_353_comb_1.pt,2024-12-09 11:50:07,1,353,completed
,4,0.3,1000,0.0,0.005,network_repeat_354_comb_0.pt,2024-12-09 11:50:07,0,354,completed
17000,4,0.3,1000,0.0,0.005,network_repeat_354_comb_1.pt,2024-12-09 11:50:08,1,354,completed
,4,0.3,1000,0.0,0.005,network_repeat_355_comb_0.pt,2024-12-09 11:50:08,0,355,completed
17000,4,0.3,1000,0.0,0.005,network_repeat_355_comb_1.pt,2024-12-09 11:50:09,1,355,completed
,4,0.3,1000,0.0,0.005,network_repeat_356_comb_0.pt,2024-12-09 11:50:09,0,356,completed
17000,4,0.3,1000,0.0,0.005,network_repeat_356_comb_1.pt,2024-12-09 11:50:10,1,356,completed
,4,0.3,1000,0.0,0.005,network_repeat_357_comb_0.pt,2024-12-09 11:50:10,0,357,completed
17000,4,0.3,1000,0.0,0.005,network_repeat_357_comb_1.pt,2024-12-09 11:50:10,1,357,completed
,4,0.3,1000,0.0,0.005,network_repeat_358_comb_0.pt,2024-12-09 11:50:11,0,358,completed
17000,4,0.3,1000,0.0,0.005,network_repeat_358_comb_1.pt,2024-12-09 11:50:12,1,358,completed
,4,0.3,1000,0.0,0.005,network_repeat_359_comb_0.pt,2024-12-09 11:50:13,0,359,completed
17000,4,0.3,1000,0.0,0.005,network_repeat_359_comb_1.pt,2024-12-09 11:50:13,1,359,completed
,4,0.3,1000,0.0,0.005,network_repeat_360_comb_0.pt,2024-12-09 11:50:14,0,360,completed
17000,4,0.3,1000,0.0,0.005,network_repeat_360_comb_1.pt,2024-12-09 11:50:14,1,360,completed
,4,0.3,1000,0.0,0.005,network_repeat_361_comb_0.pt,2024-12-09 11:50:14,0,361,completed
17000,4,0.3,1000,0.0,0.005,network_repeat_361_comb_1.pt,2024-12-09 11:50:15,1,361,completed
,4,0.3,1000,0.0,0.005,network_repeat_362_comb_0.pt,2024-12-09 11:50:15,0,362,completed
17000,4,0.3,1000,0.0,0.005,network_repeat_362_comb_1.pt,2024-12-09 11:50:16,1,362,completed
,4,0.3,1000,0.0,0.005,network_repeat_363_comb_0.pt,2024-12-09 11:50:16,0,363,completed
17000,4,0.3,1000,0.0,0.005,network_repeat_363_comb_1.pt,2024-12-09 11:50:17,1,363,completed
,4,0.3,1000,0.0,0.005,network_repeat_364_comb_0.pt,2024-12-09 11:50:17,0,364,completed
17000,4,0.3,1000,0.0,0.005,network_repeat_364_comb_1.pt,2024-12-09 11:50:18,1,364,completed
,4,0.3,1000,0.0,0.005,network_repeat_365_comb_0.pt,2024-12-09 11:50:18,0,365,completed
17000,4,0.3,1000,0.0,0.005,network_repeat_365_comb_1.pt,2024-12-09 11:50:19,1,365,completed
,4,0.3,1000,0.0,0.005,network_repeat_366_comb_0.pt,2024-12-09 11:50:20,0,366,completed
17000,4,0.3,1000,0.0,0.005,network_repeat_366_comb_1.pt,2024-12-09 11:50:20,1,366,completed
,4,0.3,1000,0.0,0.005,network_repeat_367_comb_0.pt,2024-12-09 11:50:20,0,367,completed
17000,4,0.3,1000,0.0,0.005,network_repeat_367_comb_1.pt,2024-12-09 11:50:21,1,367,completed
,4,0.3,1000,0.0,0.005,network_repeat_368_comb_0.pt,2024-12-09 11:50:21,0,368,completed
17000,4,0.3,1000,0.0,0.005,network_repeat_368_comb_1.pt,2024-12-09 11:50:22,1,368,completed
,4,0.3,1000,0.0,0.005,network_repeat_369_comb_0.pt,2024-12-09 11:50:22,0,369,completed
17000,4,0.3,1000,0.0,0.005,network_repeat_369_comb_1.pt,2024-12-09 11:50:23,1,369,completed
,4,0.3,1000,0.0,0.005,network_repeat_370_comb_0.pt,2024-12-09 11:50:24,0,370,completed
17000,4,0.3,1000,0.0,0.005,network_repeat_370_comb_1.pt,2024-12-09 11:50:24,1,370,completed
,4,0.3,1000,0.0,0.005,network_repeat_371_comb_0.pt,2024-12-09 11:50:25,0,371,completed
17000,4,0.3,1000,0.0,0.005,network_repeat_371_comb_1.pt,2024-12-09 11:50:25,1,371,completed
,4,0.3,1000,0.0,0.005,network_repeat_372_comb_0.pt,2024-12-09 11:50:26,0,372,completed
17000,4,0.3,1000,0.0,0.005,network_repeat_372_comb_1.pt,2024-12-09 11:50:26,1,372,completed
,4,0.3,1000,0.0,0.005,network_repeat_373_comb_0.pt,2024-12-09 11:50:27,0,373,completed
17000,4,0.3,1000,0.0,0.005,network_repeat_373_comb_1.pt,2024-12-09 11:50:28,1,373,completed
,4,0.3,1000,0.0,0.005,network_repeat_374_comb_0.pt,2024-12-09 11:50:28,0,374,completed
17000,4,0.3,1000,0.0,0.005,network_repeat_374_comb_1.pt,2024-12-09 11:50:28,1,374,completed
,4,0.3,1000,0.0,0.005,network_repeat_375_comb_0.pt,2024-12-09 11:50:29,0,375,completed
17000,4,0.3,1000,0.0,0.005,network_repeat_375_comb_1.pt,2024-12-09 11:50:29,1,375,completed
,4,0.3,1000,0.0,0.005,network_repeat_376_comb_0.pt,2024-12-09 11:50:30,0,376,completed
17000,4,0.3,1000,0.0,0.005,network_repeat_376_comb_1.pt,2024-12-09 11:50:30,1,376,completed
,4,0.3,1000,0.0,0.005,network_repeat_377_comb_0.pt,2024-12-09 11:50:31,0,377,completed
17000,4,0.3,1000,0.0,0.005,network_repeat_377_comb_1.pt,2024-12-09 11:50:31,1,377,completed
,4,0.3,1000,0.0,0.005,network_repeat_378_comb_0.pt,2024-12-09 11:50:31,0,378,completed
17000,4,0.3,1000,0.0,0.005,network_repeat_378_comb_1.pt,2024-12-09 11:50:32,1,378,completed
,4,0.3,1000,0.0,0.005,network_repeat_379_comb_0.pt,2024-12-09 11:50:32,0,379,completed
17000,4,0.3,1000,0.0,0.005,network_repeat_379_comb_1.pt,2024-12-09 11:50:33,1,379,completed
,4,0.3,1000,0.0,0.005,network_repeat_380_comb_0.pt,2024-12-09 11:50:33,0,380,completed
17000,4,0.3,1000,0.0,0.005,network_repeat_380_comb_1.pt,2024-12-09 11:50:34,1,380,completed
,4,0.3,1000,0.0,0.005,network_repeat_381_comb_0.pt,2024-12-09 11:50:35,0,381,completed
17000,4,0.3,1000,0.0,0.005,network_repeat_381_comb_1.pt,2024-12-09 11:50:36,1,381,completed
,4,0.3,1000,0.0,0.005,network_repeat_382_comb_0.pt,2024-12-09 11:50:36,0,382,completed
17000,4,0.3,1000,0.0,0.005,network_repeat_382_comb_1.pt,2024-12-09 11:50:37,1,382,completed
,4,0.3,1000,0.0,0.005,network_repeat_383_comb_0.pt,2024-12-09 11:50:37,0,383,completed
17000,4,0.3,1000,0.0,0.005,network_repeat_383_comb_1.pt,2024-12-09 11:50:38,1,383,completed
,4,0.3,1000,0.0,0.005,network_repeat_384_comb_0.pt,2024-12-09 11:50:38,0,384,completed
17000,4,0.3,1000,0.0,0.005,network_repeat_384_comb_1.pt,2024-12-09 11:50:39,1,384,completed
,4,0.3,1000,0.0,0.005,network_repeat_385_comb_0.pt,2024-12-09 11:50:39,0,385,completed
17000,4,0.3,1000,0.0,0.005,network_repeat_385_comb_1.pt,2024-12-09 11:50:39,1,385,completed
,4,0.3,1000,0.0,0.005,network_repeat_386_comb_0.pt,2024-12-09 11:50:40,0,386,completed
17000,4,0.3,1000,0.0,0.005,network_repeat_386_comb_1.pt,2024-12-09 11:50:40,1,386,completed
,4,0.3,1000,0.0,0.005,network_repeat_387_comb_0.pt,2024-12-09 11:50:41,0,387,completed
17000,4,0.3,1000,0.0,0.005,network_repeat_387_comb_1.pt,2024-12-09 11:50:41,1,387,completed
,4,0.3,1000,0.0,0.005,network_repeat_388_comb_0.pt,2024-12-09 11:50:41,0,388,completed
17000,4,0.3,1000,0.0,0.005,network_repeat_388_comb_1.pt,2024-12-09 11:50:42,1,388,completed
,4,0.3,1000,0.0,0.005,network_repeat_389_comb_0.pt,2024-12-09 11:50:42,0,389,completed
17000,4,0.3,1000,0.0,0.005,network_repeat_389_comb_1.pt,2024-12-09 11:50:43,1,389,completed
,4,0.3,1000,0.0,0.005,network_repeat_390_comb_0.pt,2024-12-09 11:50:43,0,390,completed
17000,4,0.3,1000,0.0,0.005,network_repeat_390_comb_1.pt,2024-12-09 11:50:43,1,390,completed
,4,0.3,1000,0.0,0.005,network_repeat_391_comb_0.pt,2024-12-09 11:50:44,0,391,completed
17000,4,0.3,1000,0.0,0.005,network_repeat_391_comb_1.pt,2024-12-09 11:50:44,1,391,completed
,4,0.3,1000,0.0,0.005,network_repeat_392_comb_0.pt,2024-12-09 11:50:45,0,392,completed
17000,4,0.3,1000,0.0,0.005,network_repeat_392_comb_1.pt,2024-12-09 11:50:45,1,392,completed
,4,0.3,1000,0.0,0.005,network_repeat_393_comb_0.pt,2024-12-09 11:50:46,0,393,completed
17000,4,0.3,1000,0.0,0.005,network_repeat_393_comb_1.pt,2024-12-09 11:50:46,1,393,completed
,4,0.3,1000,0.0,0.005,network_repeat_394_comb_0.pt,2024-12-09 11:50:47,0,394,completed
17000,4,0.3,1000,0.0,0.005,network_repeat_394_comb_1.pt,2024-12-09 11:50:47,1,394,completed
,4,0.3,1000,0.0,0.005,network_repeat_395_comb_0.pt,2024-12-09 11:50:48,0,395,completed
17000,4,0.3,1000,0.0,0.005,network_repeat_395_comb_1.pt,2024-12-09 11:50:48,1,395,completed
,4,0.3,1000,0.0,0.005,network_repeat_396_comb_0.pt,2024-12-09 11:50:48,0,396,completed
17000,4,0.3,1000,0.0,0.005,network_repeat_396_comb_1.pt,2024-12-09 11:50:49,1,396,completed
,4,0.3,1000,0.0,0.005,network_repeat_397_comb_0.pt,2024-12-09 11:50:50,0,397,completed
17000,4,0.3,1000,0.0,0.005,network_repeat_397_comb_1.pt,2024-12-09 11:50:50,1,397,completed
,4,0.3,1000,0.0,0.005,network_repeat_398_comb_0.pt,2024-12-09 11:50:50,0,398,completed
17000,4,0.3,1000,0.0,0.005,network_repeat_398_comb_1.pt,2024-12-09 11:50:50,1,398,completed
,4,0.3,1000,0.0,0.005,network_repeat_399_comb_0.pt,2024-12-09 11:50:51,0,399,completed
17000,4,0.3,1000,0.0,0.005,network_repeat_399_comb_1.pt,2024-12-09 11:50:52,1,399,completed
,4,0.3,1000,0.0,0.005,network_repeat_400_comb_0.pt,2024-12-09 11:50:52,0,400,completed
17000,4,0.3,1000,0.0,0.005,network_repeat_400_comb_1.pt,2024-12-09 11:50:53,1,400,completed
,4,0.3,1000,0.0,0.005,network_repeat_401_comb_0.pt,2024-12-09 11:50:53,0,401,completed
17000,4,0.3,1000,0.0,0.005,network_repeat_401_comb_1.pt,2024-12-09 11:50:54,1,401,completed
,4,0.3,1000,0.0,0.005,network_repeat_402_comb_0.pt,2024-12-09 11:50:54,0,402,completed
17000,4,0.3,1000,0.0,0.005,network_repeat_402_comb_1.pt,2024-12-09 11:50:55,1,402,completed
,4,0.3,1000,0.0,0.005,network_repeat_403_comb_0.pt,2024-12-09 11:50:56,0,403,completed
17000,4,0.3,1000,0.0,0.005,network_repeat_403_comb_1.pt,2024-12-09 11:50:56,1,403,completed
,4,0.3,1000,0.0,0.005,network_repeat_404_comb_0.pt,2024-12-09 11:50:57,0,404,completed
17000,4,0.3,1000,0.0,0.005,network_repeat_404_comb_1.pt,2024-12-09 11:50:57,1,404,completed
,4,0.3,1000,0.0,0.005,network_repeat_405_comb_0.pt,2024-12-09 11:50:58,0,405,completed
17000,4,0.3,1000,0.0,0.005,network_repeat_405_comb_1.pt,2024-12-09 11:50:58,1,405,completed
,4,0.3,1000,0.0,0.005,network_repeat_406_comb_0.pt,2024-12-09 11:50:59,0,406,completed
17000,4,0.3,1000,0.0,0.005,network_repeat_406_comb_1.pt,2024-12-09 11:50:59,1,406,completed
,4,0.3,1000,0.0,0.005,network_repeat_407_comb_0.pt,2024-12-09 11:51:00,0,407,completed
17000,4,0.3,1000,0.0,0.005,network_repeat_407_comb_1.pt,2024-12-09 11:51:00,1,407,completed
,4,0.3,1000,0.0,0.005,network_repeat_408_comb_0.pt,2024-12-09 11:51:00,0,408,completed
17000,4,0.3,1000,0.0,0.005,network_repeat_408_comb_1.pt,2024-12-09 11:51:00,1,408,completed
,4,0.3,1000,0.0,0.005,network_repeat_409_comb_0.pt,2024-12-09 11:51:01,0,409,completed
17000,4,0.3,1000,0.0,0.005,network_repeat_409_comb_1.pt,2024-12-09 11:51:01,1,409,completed
,4,0.3,1000,0.0,0.005,network_repeat_410_comb_0.pt,2024-12-09 11:51:01,0,410,completed
17000,4,0.3,1000,0.0,0.005,network_repeat_410_comb_1.pt,2024-12-09 11:51:02,1,410,completed
,4,0.3,1000,0.0,0.005,network_repeat_411_comb_0.pt,2024-12-09 11:51:02,0,411,completed
17000,4,0.3,1000,0.0,0.005,network_repeat_411_comb_1.pt,2024-12-09 11:51:03,1,411,completed
,4,0.3,1000,0.0,0.005,network_repeat_412_comb_0.pt,2024-12-09 11:51:03,0,412,completed
17000,4,0.3,1000,0.0,0.005,network_repeat_412_comb_1.pt,2024-12-09 11:51:04,1,412,completed
,4,0.3,1000,0.0,0.005,network_repeat_413_comb_0.pt,2024-12-09 11:51:04,0,413,completed
17000,4,0.3,1000,0.0,0.005,network_repeat_413_comb_1.pt,2024-12-09 11:51:05,1,413,completed
,4,0.3,1000,0.0,0.005,network_repeat_414_comb_0.pt,2024-12-09 11:51:06,0,414,completed
17000,4,0.3,1000,0.0,0.005,network_repeat_414_comb_1.pt,2024-12-09 11:51:06,1,414,completed
,4,0.3,1000,0.0,0.005,network_repeat_415_comb_0.pt,2024-12-09 11:51:07,0,415,completed
17000,4,0.3,1000,0.0,0.005,network_repeat_415_comb_1.pt,2024-12-09 11:51:07,1,415,completed
,4,0.3,1000,0.0,0.005,network_repeat_416_comb_0.pt,2024-12-09 11:51:07,0,416,completed
17000,4,0.3,1000,0.0,0.005,network_repeat_416_comb_1.pt,2024-12-09 11:51:07,1,416,completed
,4,0.3,1000,0.0,0.005,network_repeat_417_comb_0.pt,2024-12-09 11:51:08,0,417,completed
17000,4,0.3,1000,0.0,0.005,network_repeat_417_comb_1.pt,2024-12-09 11:51:08,1,417,completed
,4,0.3,1000,0.0,0.005,network_repeat_418_comb_0.pt,2024-12-09 11:51:09,0,418,completed
17000,4,0.3,1000,0.0,0.005,network_repeat_418_comb_1.pt,2024-12-09 11:51:10,1,418,completed
,4,0.3,1000,0.0,0.005,network_repeat_419_comb_0.pt,2024-12-09 11:51:10,0,419,completed
17000,4,0.3,1000,0.0,0.005,network_repeat_419_comb_1.pt,2024-12-09 11:51:11,1,419,completed
,4,0.3,1000,0.0,0.005,network_repeat_420_comb_0.pt,2024-12-09 11:51:11,0,420,completed
17000,4,0.3,1000,0.0,0.005,network_repeat_420_comb_1.pt,2024-12-09 11:51:11,1,420,completed
,4,0.3,1000,0.0,0.005,network_repeat_421_comb_0.pt,2024-12-09 11:51:12,0,421,completed
17000,4,0.3,1000,0.0,0.005,network_repeat_421_comb_1.pt,2024-12-09 11:51:13,1,421,completed
,4,0.3,1000,0.0,0.005,network_repeat_422_comb_0.pt,2024-12-09 11:51:13,0,422,completed
17000,4,0.3,1000,0.0,0.005,network_repeat_422_comb_1.pt,2024-12-09 11:51:13,1,422,completed
,4,0.3,1000,0.0,0.005,network_repeat_423_comb_0.pt,2024-12-09 11:51:14,0,423,completed
17000,4,0.3,1000,0.0,0.005,network_repeat_423_comb_1.pt,2024-12-09 11:51:14,1,423,completed
,4,0.3,1000,0.0,0.005,network_repeat_424_comb_0.pt,2024-12-09 11:51:15,0,424,completed
17000,4,0.3,1000,0.0,0.005,network_repeat_424_comb_1.pt,2024-12-09 11:51:15,1,424,completed
,4,0.3,1000,0.0,0.005,network_repeat_425_comb_0.pt,2024-12-09 11:51:16,0,425,completed
17000,4,0.3,1000,0.0,0.005,network_repeat_425_comb_1.pt,2024-12-09 11:51:16,1,425,completed
,4,0.3,1000,0.0,0.005,network_repeat_426_comb_0.pt,2024-12-09 11:51:17,0,426,completed
17000,4,0.3,1000,0.0,0.005,network_repeat_426_comb_1.pt,2024-12-09 11:51:18,1,426,completed
,4,0.3,1000,0.0,0.005,network_repeat_427_comb_0.pt,2024-12-09 11:51:18,0,427,completed
17000,4,0.3,1000,0.0,0.005,network_repeat_427_comb_1.pt,2024-12-09 11:51:19,1,427,completed
,4,0.3,1000,0.0,0.005,network_repeat_428_comb_0.pt,2024-12-09 11:51:19,0,428,completed
17000,4,0.3,1000,0.0,0.005,network_repeat_428_comb_1.pt,2024-12-09 11:51:20,1,428,completed
,4,0.3,1000,0.0,0.005,network_repeat_429_comb_0.pt,2024-12-09 11:51:20,0,429,completed
17000,4,0.3,1000,0.0,0.005,network_repeat_429_comb_1.pt,2024-12-09 11:51:20,1,429,completed
,4,0.3,1000,0.0,0.005,network_repeat_430_comb_0.pt,2024-12-09 11:51:20,0,430,completed
17000,4,0.3,1000,0.0,0.005,network_repeat_430_comb_1.pt,2024-12-09 11:51:21,1,430,completed
,4,0.3,1000,0.0,0.005,network_repeat_431_comb_0.pt,2024-12-09 11:51:22,0,431,completed
17000,4,0.3,1000,0.0,0.005,network_repeat_431_comb_1.pt,2024-12-09 11:51:23,1,431,completed
,4,0.3,1000,0.0,0.005,network_repeat_432_comb_0.pt,2024-12-09 11:51:23,0,432,completed
17000,4,0.3,1000,0.0,0.005,network_repeat_432_comb_1.pt,2024-12-09 11:51:24,1,432,completed
,4,0.3,1000,0.0,0.005,network_repeat_433_comb_0.pt,2024-12-09 11:51:25,0,433,completed
17000,4,0.3,1000,0.0,0.005,network_repeat_433_comb_1.pt,2024-12-09 11:51:25,1,433,completed
,4,0.3,1000,0.0,0.005,network_repeat_434_comb_0.pt,2024-12-09 11:51:26,0,434,completed
17000,4,0.3,1000,0.0,0.005,network_repeat_434_comb_1.pt,2024-12-09 11:51:27,1,434,completed
,4,0.3,1000,0.0,0.005,network_repeat_435_comb_0.pt,2024-12-09 11:51:27,0,435,completed
17000,4,0.3,1000,0.0,0.005,network_repeat_435_comb_1.pt,2024-12-09 11:51:27,1,435,completed
,4,0.3,1000,0.0,0.005,network_repeat_436_comb_0.pt,2024-12-09 11:51:28,0,436,completed
17000,4,0.3,1000,0.0,0.005,network_repeat_436_comb_1.pt,2024-12-09 11:51:28,1,436,completed
,4,0.3,1000,0.0,0.005,network_repeat_437_comb_0.pt,2024-12-09 11:51:29,0,437,completed
17000,4,0.3,1000,0.0,0.005,network_repeat_437_comb_1.pt,2024-12-09 11:51:29,1,437,completed
,4,0.3,1000,0.0,0.005,network_repeat_438_comb_0.pt,2024-12-09 11:51:30,0,438,completed
17000,4,0.3,1000,0.0,0.005,network_repeat_438_comb_1.pt,2024-12-09 11:51:30,1,438,completed
,4,0.3,1000,0.0,0.005,network_repeat_439_comb_0.pt,2024-12-09 11:51:31,0,439,completed
17000,4,0.3,1000,0.0,0.005,network_repeat_439_comb_1.pt,2024-12-09 11:51:31,1,439,completed
,4,0.3,1000,0.0,0.005,network_repeat_440_comb_0.pt,2024-12-09 11:51:32,0,440,completed
17000,4,0.3,1000,0.0,0.005,network_repeat_440_comb_1.pt,2024-12-09 11:51:32,1,440,completed
,4,0.3,1000,0.0,0.005,network_repeat_441_comb_0.pt,2024-12-09 11:51:33,0,441,completed
17000,4,0.3,1000,0.0,0.005,network_repeat_441_comb_1.pt,2024-12-09 11:51:34,1,441,completed
,4,0.3,1000,0.0,0.005,network_repeat_442_comb_0.pt,2024-12-09 11:51:34,0,442,completed
17000,4,0.3,1000,0.0,0.005,network_repeat_442_comb_1.pt,2024-12-09 11:51:35,1,442,completed
,4,0.3,1000,0.0,0.005,network_repeat_443_comb_0.pt,2024-12-09 11:51:35,0,443,completed
17000,4,0.3,1000,0.0,0.005,network_repeat_443_comb_1.pt,2024-12-09 11:51:36,1,443,completed
,4,0.3,1000,0.0,0.005,network_repeat_444_comb_0.pt,2024-12-09 11:51:36,0,444,completed
17000,4,0.3,1000,0.0,0.005,network_repeat_444_comb_1.pt,2024-12-09 11:51:37,1,444,completed
,4,0.3,1000,0.0,0.005,network_repeat_445_comb_0.pt,2024-12-09 11:51:37,0,445,completed
17000,4,0.3,1000,0.0,0.005,network_repeat_445_comb_1.pt,2024-12-09 11:51:38,1,445,completed
,4,0.3,1000,0.0,0.005,network_repeat_446_comb_0.pt,2024-12-09 11:51:38,0,446,completed
17000,4,0.3,1000,0.0,0.005,network_repeat_446_comb_1.pt,2024-12-09 11:51:39,1,446,completed
,4,0.3,1000,0.0,0.005,network_repeat_447_comb_0.pt,2024-12-09 11:51:40,0,447,completed
17000,4,0.3,1000,0.0,0.005,network_repeat_447_comb_1.pt,2024-12-09 11:51:40,1,447,completed
,4,0.3,1000,0.0,0.005,network_repeat_448_comb_0.pt,2024-12-09 11:51:41,0,448,completed
17000,4,0.3,1000,0.0,0.005,network_repeat_448_comb_1.pt,2024-12-09 11:51:41,1,448,completed
,4,0.3,1000,0.0,0.005,network_repeat_449_comb_0.pt,2024-12-09 11:51:42,0,449,completed
17000,4,0.3,1000,0.0,0.005,network_repeat_449_comb_1.pt,2024-12-09 11:51:42,1,449,completed
,4,0.3,1000,0.0,0.005,network_repeat_450_comb_0.pt,2024-12-09 11:51:43,0,450,completed
17000,4,0.3,1000,0.0,0.005,network_repeat_450_comb_1.pt,2024-12-09 11:51:43,1,450,completed
,4,0.3,1000,0.0,0.005,network_repeat_451_comb_0.pt,2024-12-09 11:51:44,0,451,completed
17000,4,0.3,1000,0.0,0.005,network_repeat_451_comb_1.pt,2024-12-09 11:51:45,1,451,completed
,4,0.3,1000,0.0,0.005,network_repeat_452_comb_0.pt,2024-12-09 11:51:45,0,452,completed
17000,4,0.3,1000,0.0,0.005,network_repeat_452_comb_1.pt,2024-12-09 11:51:45,1,452,completed
,4,0.3,1000,0.0,0.005,network_repeat_453_comb_0.pt,2024-12-09 11:51:45,0,453,completed
17000,4,0.3,1000,0.0,0.005,network_repeat_453_comb_1.pt,2024-12-09 11:51:46,1,453,completed
,4,0.3,1000,0.0,0.005,network_repeat_454_comb_0.pt,2024-12-09 11:51:46,0,454,completed
17000,4,0.3,1000,0.0,0.005,network_repeat_454_comb_1.pt,2024-12-09 11:51:46,1,454,completed
,4,0.3,1000,0.0,0.005,network_repeat_455_comb_0.pt,2024-12-09 11:51:47,0,455,completed
17000,4,0.3,1000,0.0,0.005,network_repeat_455_comb_1.pt,2024-12-09 11:51:47,1,455,completed
,4,0.3,1000,0.0,0.005,network_repeat_456_comb_0.pt,2024-12-09 11:51:48,0,456,completed
17000,4,0.3,1000,0.0,0.005,network_repeat_456_comb_1.pt,2024-12-09 11:51:48,1,456,completed
,4,0.3,1000,0.0,0.005,network_repeat_457_comb_0.pt,2024-12-09 11:51:48,0,457,completed
17000,4,0.3,1000,0.0,0.005,network_repeat_457_comb_1.pt,2024-12-09 11:51:49,1,457,completed
,4,0.3,1000,0.0,0.005,network_repeat_458_comb_0.pt,2024-12-09 11:51:49,0,458,completed
17000,4,0.3,1000,0.0,0.005,network_repeat_458_comb_1.pt,2024-12-09 11:51:49,1,458,completed
,4,0.3,1000,0.0,0.005,network_repeat_459_comb_0.pt,2024-12-09 11:51:50,0,459,completed
17000,4,0.3,1000,0.0,0.005,network_repeat_459_comb_1.pt,2024-12-09 11:51:51,1,459,completed
,4,0.3,1000,0.0,0.005,network_repeat_460_comb_0.pt,2024-12-09 11:51:51,0,460,completed
17000,4,0.3,1000,0.0,0.005,network_repeat_460_comb_1.pt,2024-12-09 11:51:52,1,460,completed
,4,0.3,1000,0.0,0.005,network_repeat_461_comb_0.pt,2024-12-09 11:51:52,0,461,completed
17000,4,0.3,1000,0.0,0.005,network_repeat_461_comb_1.pt,2024-12-09 11:51:53,1,461,completed
,4,0.3,1000,0.0,0.005,network_repeat_462_comb_0.pt,2024-12-09 11:51:53,0,462,completed
17000,4,0.3,1000,0.0,0.005,network_repeat_462_comb_1.pt,2024-12-09 11:51:54,1,462,completed
,4,0.3,1000,0.0,0.005,network_repeat_463_comb_0.pt,2024-12-09 11:51:54,0,463,completed
17000,4,0.3,1000,0.0,0.005,network_repeat_463_comb_1.pt,2024-12-09 11:51:54,1,463,completed
,4,0.3,1000,0.0,0.005,network_repeat_464_comb_0.pt,2024-12-09 11:51:54,0,464,completed
17000,4,0.3,1000,0.0,0.005,network_repeat_464_comb_1.pt,2024-12-09 11:51:55,1,464,completed
,4,0.3,1000,0.0,0.005,network_repeat_465_comb_0.pt,2024-12-09 11:51:55,0,465,completed
17000,4,0.3,1000,0.0,0.005,network_repeat_465_comb_1.pt,2024-12-09 11:51:56,1,465,completed
,4,0.3,1000,0.0,0.005,network_repeat_466_comb_0.pt,2024-12-09 11:51:56,0,466,completed
17000,4,0.3,1000,0.0,0.005,network_repeat_466_comb_1.pt,2024-12-09 11:51:57,1,466,completed
,4,0.3,1000,0.0,0.005,network_repeat_467_comb_0.pt,2024-12-09 11:51:57,0,467,completed
17000,4,0.3,1000,0.0,0.005,network_repeat_467_comb_1.pt,2024-12-09 11:51:58,1,467,completed
,4,0.3,1000,0.0,0.005,network_repeat_468_comb_0.pt,2024-12-09 11:51:59,0,468,completed
17000,4,0.3,1000,0.0,0.005,network_repeat_468_comb_1.pt,2024-12-09 11:51:59,1,468,completed
,4,0.3,1000,0.0,0.005,network_repeat_469_comb_0.pt,2024-12-09 11:52:00,0,469,completed
17000,4,0.3,1000,0.0,0.005,network_repeat_469_comb_1.pt,2024-12-09 11:52:01,1,469,completed
,4,0.3,1000,0.0,0.005,network_repeat_470_comb_0.pt,2024-12-09 11:52:01,0,470,completed
17000,4,0.3,1000,0.0,0.005,network_repeat_470_comb_1.pt,2024-12-09 11:52:02,1,470,completed
,4,0.3,1000,0.0,0.005,network_repeat_471_comb_0.pt,2024-12-09 11:52:03,0,471,completed
17000,4,0.3,1000,0.0,0.005,network_repeat_471_comb_1.pt,2024-12-09 11:52:03,1,471,completed
,4,0.3,1000,0.0,0.005,network_repeat_472_comb_0.pt,2024-12-09 11:52:04,0,472,completed
17000,4,0.3,1000,0.0,0.005,network_repeat_472_comb_1.pt,2024-12-09 11:52:04,1,472,completed
,4,0.3,1000,0.0,0.005,network_repeat_473_comb_0.pt,2024-12-09 11:52:05,0,473,completed
17000,4,0.3,1000,0.0,0.005,network_repeat_473_comb_1.pt,2024-12-09 11:52:05,1,473,completed
,4,0.3,1000,0.0,0.005,network_repeat_474_comb_0.pt,2024-12-09 11:52:06,0,474,completed
17000,4,0.3,1000,0.0,0.005,network_repeat_474_comb_1.pt,2024-12-09 11:52:07,1,474,completed
,4,0.3,1000,0.0,0.005,network_repeat_475_comb_0.pt,2024-12-09 11:52:07,0,475,completed
17000,4,0.3,1000,0.0,0.005,network_repeat_475_comb_1.pt,2024-12-09 11:52:08,1,475,completed
,4,0.3,1000,0.0,0.005,network_repeat_476_comb_0.pt,2024-12-09 11:52:08,0,476,completed
17000,4,0.3,1000,0.0,0.005,network_repeat_476_comb_1.pt,2024-12-09 11:52:09,1,476,completed
,4,0.3,1000,0.0,0.005,network_repeat_477_comb_0.pt,2024-12-09 11:52:09,0,477,completed
17000,4,0.3,1000,0.0,0.005,network_repeat_477_comb_1.pt,2024-12-09 11:52:10,1,477,completed
,4,0.3,1000,0.0,0.005,network_repeat_478_comb_0.pt,2024-12-09 11:52:10,0,478,completed
17000,4,0.3,1000,0.0,0.005,network_repeat_478_comb_1.pt,2024-12-09 11:52:10,1,478,completed
,4,0.3,1000,0.0,0.005,network_repeat_479_comb_0.pt,2024-12-09 11:52:11,0,479,completed
17000,4,0.3,1000,0.0,0.005,network_repeat_479_comb_1.pt,2024-12-09 11:52:12,1,479,completed
,4,0.3,1000,0.0,0.005,network_repeat_480_comb_0.pt,2024-12-09 11:52:12,0,480,completed
17000,4,0.3,1000,0.0,0.005,network_repeat_480_comb_1.pt,2024-12-09 11:52:13,1,480,completed
,4,0.3,1000,0.0,0.005,network_repeat_481_comb_0.pt,2024-12-09 11:52:13,0,481,completed
17000,4,0.3,1000,0.0,0.005,network_repeat_481_comb_1.pt,2024-12-09 11:52:13,1,481,completed
,4,0.3,1000,0.0,0.005,network_repeat_482_comb_0.pt,2024-12-09 11:52:13,0,482,completed
17000,4,0.3,1000,0.0,0.005,network_repeat_482_comb_1.pt,2024-12-09 11:52:14,1,482,completed
,4,0.3,1000,0.0,0.005,network_repeat_483_comb_0.pt,2024-12-09 11:52:14,0,483,completed
17000,4,0.3,1000,0.0,0.005,network_repeat_483_comb_1.pt,2024-12-09 11:52:15,1,483,completed
,4,0.3,1000,0.0,0.005,network_repeat_484_comb_0.pt,2024-12-09 11:52:15,0,484,completed
17000,4,0.3,1000,0.0,0.005,network_repeat_484_comb_1.pt,2024-12-09 11:52:16,1,484,completed
,4,0.3,1000,0.0,0.005,network_repeat_485_comb_0.pt,2024-12-09 11:52:16,0,485,completed
17000,4,0.3,1000,0.0,0.005,network_repeat_485_comb_1.pt,2024-12-09 11:52:16,1,485,completed
,4,0.3,1000,0.0,0.005,network_repeat_486_comb_0.pt,2024-12-09 11:52:17,0,486,completed
17000,4,0.3,1000,0.0,0.005,network_repeat_486_comb_1.pt,2024-12-09 11:52:17,1,486,completed
,4,0.3,1000,0.0,0.005,network_repeat_487_comb_0.pt,2024-12-09 11:52:17,0,487,completed
17000,4,0.3,1000,0.0,0.005,network_repeat_487_comb_1.pt,2024-12-09 11:52:18,1,487,completed
,4,0.3,1000,0.0,0.005,network_repeat_488_comb_0.pt,2024-12-09 11:52:18,0,488,completed
17000,4,0.3,1000,0.0,0.005,network_repeat_488_comb_1.pt,2024-12-09 11:52:19,1,488,completed
,4,0.3,1000,0.0,0.005,network_repeat_489_comb_0.pt,2024-12-09 11:52:19,0,489,completed
17000,4,0.3,1000,0.0,0.005,network_repeat_489_comb_1.pt,2024-12-09 11:52:20,1,489,completed
,4,0.3,1000,0.0,0.005,network_repeat_490_comb_0.pt,2024-12-09 11:52:20,0,490,completed
17000,4,0.3,1000,0.0,0.005,network_repeat_490_comb_1.pt,2024-12-09 11:52:22,1,490,completed
,4,0.3,1000,0.0,0.005,network_repeat_491_comb_0.pt,2024-12-09 11:52:22,0,491,completed
17000,4,0.3,1000,0.0,0.005,network_repeat_491_comb_1.pt,2024-12-09 11:52:22,1,491,completed
,4,0.3,1000,0.0,0.005,network_repeat_492_comb_0.pt,2024-12-09 11:52:23,0,492,completed
17000,4,0.3,1000,0.0,0.005,network_repeat_492_comb_1.pt,2024-12-09 11:52:24,1,492,completed
,4,0.3,1000,0.0,0.005,network_repeat_493_comb_0.pt,2024-12-09 11:52:24,0,493,completed
17000,4,0.3,1000,0.0,0.005,network_repeat_493_comb_1.pt,2024-12-09 11:52:24,1,493,completed
,4,0.3,1000,0.0,0.005,network_repeat_494_comb_0.pt,2024-12-09 11:52:25,0,494,completed
17000,4,0.3,1000,0.0,0.005,network_repeat_494_comb_1.pt,2024-12-09 11:52:25,1,494,completed
,4,0.3,1000,0.0,0.005,network_repeat_495_comb_0.pt,2024-12-09 11:52:25,0,495,completed
17000,4,0.3,1000,0.0,0.005,network_repeat_495_comb_1.pt,2024-12-09 11:52:26,1,495,completed
,4,0.3,1000,0.0,0.005,network_repeat_496_comb_0.pt,2024-12-09 11:52:26,0,496,completed
17000,4,0.3,1000,0.0,0.005,network_repeat_496_comb_1.pt,2024-12-09 11:52:27,1,496,completed
,4,0.3,1000,0.0,0.005,network_repeat_497_comb_0.pt,2024-12-09 11:52:27,0,497,completed
17000,4,0.3,1000,0.0,0.005,network_repeat_497_comb_1.pt,2024-12-09 11:52:28,1,497,completed
,4,0.3,1000,0.0,0.005,network_repeat_498_comb_0.pt,2024-12-09 11:52:28,0,498,completed
17000,4,0.3,1000,0.0,0.005,network_repeat_498_comb_1.pt,2024-12-09 11:52:29,1,498,completed
,4,0.3,1000,0.0,0.005,network_repeat_499_comb_0.pt,2024-12-09 11:52:29,0,499,completed
17000,4,0.3,1000,0.0,0.005,network_repeat_499_comb_1.pt,2024-12-09 11:52:30,1,499,completed
